scene_id,n_views,clip_id,camera,token,weather,ok,n_carriageways,geo_two_way,two_way_match,main_lanes,lane_exact,lane_within1,lane_source,vp_support,n_points
Buan_daemog_20201019_1730_MON_15m_NH_highway_TW2_sunny_FHD,1,Buan_daemog_20201019_1730_MON_15m_NH_highway_TW2_sunny_FHD,Buan_daemog,TW2,sunny,True,2,True,True,2/2,True,True,markings/markings,0.953,1113
Buan_daemog_20201020_1630_TUE_15m_NH_highway_TW2_sunny_FHD__view1,2,Buan_daemog_20201020_1630_TUE_15m_NH_highway_TW2_sunny_FHD,Buan_daemog,TW2,sunny,True,2,True,True,2/2,True,True,markings/markings,0.953,1113
Buan_daemog_20201020_1130_TUE_15m_NH_highway_TW2_sunny_FHD,1,Buan_daemog_20201020_1130_TUE_15m_NH_highway_TW2_sunny_FHD,Buan_daemog,TW2,sunny,True,2,True,True,2/2,True,True,markings/markings,0.938,611
Buan_daemog_20201020_1630_TUE_15m_NH_highway_TW2_sunny_FHD__view0,2,Buan_daemog_20201020_1630_TUE_15m_NH_highway_TW2_sunny_FHD,Buan_daemog,TW2,sunny,True,2,True,True,2/2,True,True,markings/markings,0.938,611
Buan_dongjisan_20201021_0800_WED_15m_NH_highway_TW2_sunny_FHD,1,Buan_dongjisan_20201021_0800_WED_15m_NH_highway_TW2_sunny_FHD,Buan_dongjisan,TW2,sunny,True,2,True,True,2/2,True,True,markings/markings,0.836,225
Buan_dongjisan_20201021_1300_WED_15m_NH_highway_TW2_sunny_FHD,1,Buan_dongjisan_20201021_1300_WED_15m_NH_highway_TW2_sunny_FHD,Buan_dongjisan,TW2,sunny,True,2,True,True,3/2,False,True,markings/markings,0.819,459
Buan_jongsin_20201021_1030_WED_15m_NH_highway_TW2_sunny_FHD,1,Buan_jongsin_20201021_1030_WED_15m_NH_highway_TW2_sunny_FHD,Buan_jongsin,TW2,sunny,True,2,True,True,1/2,False,True,markings/markings,0.962,1089
Buan_jongsin_20201019_1600_MON_15m_NH_highway_TW2_sunny_FHD,1,Buan_jongsin_20201019_1600_MON_15m_NH_highway_TW2_sunny_FHD,Buan_jongsin,TW2,sunny,True,2,True,True,2/2,True,True,markings/markings,0.937,695
Buan_jongsin_20201020_1630_TUE_15m_NH_highway_TW2_sunny_FHD__view0,2,Buan_jongsin_20201020_1630_TUE_15m_NH_highway_TW2_sunny_FHD,Buan_jongsin,TW2,sunny,True,2,True,True,2/2,True,True,markings/markings,0.92,1076
Buan_jongsin_20201020_1630_TUE_15m_NH_highway_TW2_sunny_FHD__view1,2,Buan_jongsin_20201020_1630_TUE_15m_NH_highway_TW2_sunny_FHD,Buan_jongsin,TW2,sunny,True,2,True,True,3/2,False,True,markings/markings,0.864,350
Buan_jongsin_20201021_1530_WED_15m_NH_highway_TW2_rainy_FHD,1,Buan_jongsin_20201021_1530_WED_15m_NH_highway_TW2_rainy_FHD,Buan_jongsin,TW2,rainy,True,2,True,True,1/3,False,True,markings/markings,0.775,1288
Buan_jongsin_20201020_1130_TUE_15m_NH_highway_TW2_sunny_FHD,1,Buan_jongsin_20201020_1130_TUE_15m_NH_highway_TW2_sunny_FHD,Buan_jongsin,TW2,sunny,True,2,True,True,3/2,False,True,markings/markings,0.676,850
Buan_soju2brdg_20201020_0800_TUE_15m_NH_highway_TW2_fog_FHD,1,Buan_soju2brdg_20201020_0800_TUE_15m_NH_highway_TW2_fog_FHD,Buan_soju2brdg,TW2,fog,True,2,True,True,2/2,True,True,markings/markings,0.961,137
Buan_soju2brdg_20201020_1300_TUE_15m_NH_highway_TW2_sunny_FHD,1,Buan_soju2brdg_20201020_1300_TUE_15m_NH_highway_TW2_sunny_FHD,Buan_soju2brdg,TW2,sunny,True,2,True,True,2/2,True,True,markings/markings,0.931,1214
Buan_soju2brdg_20201021_0830_WED_15m_NH_highway_TW2_sunny_FHD__view1,2,Buan_soju2brdg_20201021_0830_WED_15m_NH_highway_TW2_sunny_FHD,Buan_soju2brdg,TW2,sunny,True,2,True,True,3/2,False,True,markings/markings,0.927,66
Buan_soju2brdg_20201021_0830_WED_15m_NH_highway_TW2_sunny_FHD__view0,2,Buan_soju2brdg_20201021_0830_WED_15m_NH_highway_TW2_sunny_FHD,Buan_soju2brdg,TW2,sunny,True,2,True,True,3/2,False,True,markings/markings,0.866,838
Buan_soju2brdg_20201021_1330_WED_15m_NH_highway_TW2_sunny_FHD,1,Buan_soju2brdg_20201021_1330_WED_15m_NH_highway_TW2_sunny_FHD,Buan_soju2brdg,TW2,sunny,True,2,True,True,3/2,False,True,markings/markings,0.748,1372
Buan_yeji_20201019_1600_MON_15m_NH_highway_TW2_sunny_FHD,1,Buan_yeji_20201019_1600_MON_15m_NH_highway_TW2_sunny_FHD,Buan_yeji,TW2,sunny,True,2,True,True,3/1,False,True,markings/markings,0.978,202
Buan_yeji_20201021_1230_WED_15m_NH_highway_TW2_sunny_FHD__view0,2,Buan_yeji_20201021_1230_WED_15m_NH_highway_TW2_sunny_FHD,Buan_yeji,TW2,sunny,True,2,True,True,3/1,False,True,markings/markings,0.978,202
Buan_yeji_20201021_0730_WED_15m_NH_highway_TW2_sunny_FHD,1,Buan_yeji_20201021_0730_WED_15m_NH_highway_TW2_sunny_FHD,Buan_yeji,TW2,sunny,True,2,True,True,3/1,False,True,markings/markings,0.978,202
Buan_yeji_20201021_1730_WED_15m_NH_highway_TW2_rainy_FHD,1,Buan_yeji_20201021_1730_WED_15m_NH_highway_TW2_rainy_FHD,Buan_yeji,TW2,rainy,True,2,True,True,3/2,False,True,markings/markings,0.966,118
Buan_yeji_20201021_1230_WED_15m_NH_highway_TW2_sunny_FHD__view1,2,Buan_yeji_20201021_1230_WED_15m_NH_highway_TW2_sunny_FHD,Buan_yeji,TW2,sunny,True,2,True,True,3/2,False,True,markings/markings,0.966,118
Buan_yeji_20201020_1100_TUE_15m_NH_highway_TW2_sunny_FHD,1,Buan_yeji_20201020_1100_TUE_15m_NH_highway_TW2_sunny_FHD,Buan_yeji,TW2,sunny,True,2,True,True,3/2,False,True,markings/markings,0.966,118
Buan_yulchon_20201020_1100_TUE_15m_NH_highway_TW2_sunny_FHD__view0,2,Buan_yulchon_20201020_1100_TUE_15m_NH_highway_TW2_sunny_FHD,Buan_yulchon,TW2,sunny,True,2,True,True,2/2,True,True,markings/markings,0.992,165
Buan_yulchon_20201020_1600_TUE_15m_NH_highway_TW2_sunny_FHD,1,Buan_yulchon_20201020_1600_TUE_15m_NH_highway_TW2_sunny_FHD,Buan_yulchon,TW2,sunny,True,2,True,True,2/2,True,True,markings/markings,0.992,165
Buan_yulchon_20201021_1500_WED_15m_NH_highway_TW2_sunny_FHD,1,Buan_yulchon_20201021_1500_WED_15m_NH_highway_TW2_sunny_FHD,Buan_yulchon,TW2,sunny,True,2,True,True,2/2,True,True,markings/markings,0.992,165
Buan_yulchon_20201021_1000_WED_15m_NH_highway_TW2_sunny_FHD,1,Buan_yulchon_20201021_1000_WED_15m_NH_highway_TW2_sunny_FHD,Buan_yulchon,TW2,sunny,True,2,True,True,2/2,True,True,markings/markings,0.886,282
Buan_yulchon_20201020_1100_TUE_15m_NH_highway_TW2_sunny_FHD__view1,2,Buan_yulchon_20201020_1100_TUE_15m_NH_highway_TW2_sunny_FHD,Buan_yulchon,TW2,sunny,True,2,True,True,2/2,True,True,markings/markings,0.841,95
Busan_busanportbrdg1_20201029_1330_THU_8m_NH_highway_TW2_sunny_FHD,1,Busan_busanportbrdg1_20201029_1330_THU_8m_NH_highway_TW2_sunny_FHD,Busan_busanportbrdg1,TW2,sunny,True,2,True,True,2/3,False,True,markings/vehicles,0.956,486
Busan_busanportbrdg1_20201028_1300_TUE_8m_NH_highway_TW2_sunny_FHD,1,Busan_busanportbrdg1_20201028_1300_TUE_8m_NH_highway_TW2_sunny_FHD,Busan_busanportbrdg1,TW2,sunny,True,2,True,True,2/3,False,True,markings/vehicles,0.956,486
Busan_busanportbrdg1_20201027_1430_TUE_8m_NH_highway_TW2_sunny_FHD,1,Busan_busanportbrdg1_20201027_1430_TUE_8m_NH_highway_TW2_sunny_FHD,Busan_busanportbrdg1,TW2,sunny,True,2,True,True,2/4,False,False,markings/vehicles,0.937,540
Busan_busanportbrdg1_20201119_1230_THU_8m_NH_highway_TW2_rainy_FHD,1,Busan_busanportbrdg1_20201119_1230_THU_8m_NH_highway_TW2_rainy_FHD,Busan_busanportbrdg1,TW2,rainy,True,2,True,True,2/4,False,False,markings/vehicles,0.937,540
Busan_busanportbrdg2_20201029_1630_THU_8m_NH_highway_TW3_sunny_FHD,1,Busan_busanportbrdg2_20201029_1630_THU_8m_NH_highway_TW3_sunny_FHD,Busan_busanportbrdg2,TW3,sunny,True,2,True,True,3/2,False,True,markings/markings,0.925,797
Busan_busanportbrdg2_20201029_1130_THU_8m_NH_highway_TW3_sunny_FHD,1,Busan_busanportbrdg2_20201029_1130_THU_8m_NH_highway_TW3_sunny_FHD,Busan_busanportbrdg2,TW3,sunny,True,2,True,True,3/2,False,True,markings/markings,0.925,797
Busan_busanportbrdg2_20201028_1400_TUE_8m_NH_highway_TW3_sunny_FHD,1,Busan_busanportbrdg2_20201028_1400_TUE_8m_NH_highway_TW3_sunny_FHD,Busan_busanportbrdg2,TW3,sunny,True,2,True,True,2/3,False,True,markings/markings,0.902,621
Busan_busanportbrdg2_20201027_1630_TUE_8m_NH_highway_TW3_sunny_FHD,1,Busan_busanportbrdg2_20201027_1630_TUE_8m_NH_highway_TW3_sunny_FHD,Busan_busanportbrdg2,TW3,sunny,True,2,True,True,2/3,False,True,markings/markings,0.902,621
Busan_busanportbrdg3_20201119_1030_THU_8m_NH_highway_TW3_rainy_FHD,1,Busan_busanportbrdg3_20201119_1030_THU_8m_NH_highway_TW3_rainy_FHD,Busan_busanportbrdg3,TW3,rainy,True,2,True,True,3/3,True,True,markings/markings,0.998,637
Busan_busanportbrdg3_20201028_1600_TUE_8m_NH_highway_TW3_sunny_FHD,1,Busan_busanportbrdg3_20201028_1600_TUE_8m_NH_highway_TW3_sunny_FHD,Busan_busanportbrdg3,TW3,sunny,True,2,True,True,3/3,True,True,markings/markings,0.998,637
Busan_busanportbrdg3_20201028_1100_TUE_8m_NH_highway_TW3_sunny_FHD,1,Busan_busanportbrdg3_20201028_1100_TUE_8m_NH_highway_TW3_sunny_FHD,Busan_busanportbrdg3,TW3,sunny,True,2,True,True,3/3,True,True,markings/markings,0.998,637
Busan_busanportbrdg3_20201029_1330_THU_8m_NH_highway_TW3_sunny_FHD,1,Busan_busanportbrdg3_20201029_1330_THU_8m_NH_highway_TW3_sunny_FHD,Busan_busanportbrdg3,TW3,sunny,True,2,True,True,3/3,True,True,markings/markings,0.998,637
Busan_busanportbrdg3_20201027_1300_TUE_8m_NH_highway_TW3_sunny_FHD,1,Busan_busanportbrdg3_20201027_1300_TUE_8m_NH_highway_TW3_sunny_FHD,Busan_busanportbrdg3,TW3,sunny,True,2,True,True,3/3,True,True,markings/markings,0.998,637
Busan_busanportbrdg4_20201029_1430_THU_8m_NH_highway_TW3_sunny_FHD,1,Busan_busanportbrdg4_20201029_1430_THU_8m_NH_highway_TW3_sunny_FHD,Busan_busanportbrdg4,TW3,sunny,True,2,True,True,2/4,False,True,markings/vehicles,0.76,1142
Busan_busanportbrdg4_20201028_1300_TUE_8m_NH_highway_TW3_sunny_FHD,1,Busan_busanportbrdg4_20201028_1300_TUE_8m_NH_highway_TW3_sunny_FHD,Busan_busanportbrdg4,TW3,sunny,True,2,True,True,2/4,False,True,markings/vehicles,0.76,1142
Busan_busanportbrdg4_20201027_1530_TUE_8m_NH_highway_TW3_sunny_FHD,1,Busan_busanportbrdg4_20201027_1530_TUE_8m_NH_highway_TW3_sunny_FHD,Busan_busanportbrdg4,TW3,sunny,True,2,True,True,2/4,False,True,markings/vehicles,0.76,1142
Busan_busanportbrdg4_20201029_0930_THU_8m_NH_highway_TW3_sunny_FHD,1,Busan_busanportbrdg4_20201029_0930_THU_8m_NH_highway_TW3_sunny_FHD,Busan_busanportbrdg4,TW3,sunny,True,2,True,True,2/4,False,True,markings/vehicles,0.76,1142
Busan_busanportbrdg4_20201119_1130_THU_8m_NH_highway_TW3_rainy_FHD,1,Busan_busanportbrdg4_20201119_1130_THU_8m_NH_highway_TW3_rainy_FHD,Busan_busanportbrdg4,TW3,rainy,True,2,True,True,2/4,False,True,markings/vehicles,0.76,1142
Busan_busanportbrdg5_20201029_0930_THU_8m_NH_highway_TW3_sunny_FHD,1,Busan_busanportbrdg5_20201029_0930_THU_8m_NH_highway_TW3_sunny_FHD,Busan_busanportbrdg5,TW3,sunny,True,2,True,True,2/3,False,True,markings/markings,0.898,1473
Busan_busanportbrdg5_20201029_1430_THU_8m_NH_highway_TW3_sunny_FHD,1,Busan_busanportbrdg5_20201029_1430_THU_8m_NH_highway_TW3_sunny_FHD,Busan_busanportbrdg5,TW3,sunny,True,2,True,True,2/3,False,True,markings/markings,0.898,1473
Busan_busanportbrdg5_20201027_1530_TUE_8m_NH_highway_TW3_sunny_FHD,1,Busan_busanportbrdg5_20201027_1530_TUE_8m_NH_highway_TW3_sunny_FHD,Busan_busanportbrdg5,TW3,sunny,True,2,True,True,2/3,False,True,markings/markings,0.898,1473
Busan_busanportbrdg5_20201119_1100_THU_8m_NH_highway_TW3_rainy_FHD,1,Busan_busanportbrdg5_20201119_1100_THU_8m_NH_highway_TW3_rainy_FHD,Busan_busanportbrdg5,TW3,rainy,True,2,True,True,2/3,False,True,markings/markings,0.898,1473
Busan_busanportbrdg6_20201028_1330_TUE_8m_NH_highway_TW3_sunny_FHD,1,Busan_busanportbrdg6_20201028_1330_TUE_8m_NH_highway_TW3_sunny_FHD,Busan_busanportbrdg6,TW3,sunny,True,2,True,True,3/3,True,True,markings/vehicles,0.803,1187
Busan_busanportbrdg6_20201027_1500_TUE_8m_NH_highway_TW3_sunny_FHD,1,Busan_busanportbrdg6_20201027_1500_TUE_8m_NH_highway_TW3_sunny_FHD,Busan_busanportbrdg6,TW3,sunny,True,2,True,True,3/3,True,True,markings/vehicles,0.803,1187
Busan_busanportbrdg6_20201119_1230_THU_8m_NH_highway_TW3_rainy_FHD,1,Busan_busanportbrdg6_20201119_1230_THU_8m_NH_highway_TW3_rainy_FHD,Busan_busanportbrdg6,TW3,rainy,True,2,True,True,3/3,True,True,markings/vehicles,0.803,1187
Busan_busanportbrdg6_20201029_1500_THU_8m_NH_highway_TW3_sunny_FHD,1,Busan_busanportbrdg6_20201029_1500_THU_8m_NH_highway_TW3_sunny_FHD,Busan_busanportbrdg6,TW3,sunny,True,2,True,True,3/3,True,True,markings/vehicles,0.803,1187
Busan_busanportbrdg6_20201029_1000_THU_8m_NH_highway_TW3_sunny_FHD,1,Busan_busanportbrdg6_20201029_1000_THU_8m_NH_highway_TW3_sunny_FHD,Busan_busanportbrdg6,TW3,sunny,True,2,True,True,3/3,True,True,markings/vehicles,0.803,1187
Cheonan_gangjeong_20201021_1330_WED_15m_NH_highway_TW3_sunny_FHD,1,Cheonan_gangjeong_20201021_1330_WED_15m_NH_highway_TW3_sunny_FHD,Cheonan_gangjeong,TW3,sunny,True,2,True,True,3/3,True,True,markings/markings,0.991,2127
Cheonan_gangjeong_20201019_1730_MON_15m_NH_highway_TW3_sunny_FHD,1,Cheonan_gangjeong_20201019_1730_MON_15m_NH_highway_TW3_sunny_FHD,Cheonan_gangjeong,TW3,sunny,True,2,True,True,3/3,True,True,markings/markings,0.977,2482
Cheonan_gangjeong_20201020_1400_TUE_15m_NH_highway_TW3_sunny_FHD,1,Cheonan_gangjeong_20201020_1400_TUE_15m_NH_highway_TW3_sunny_FHD,Cheonan_gangjeong,TW3,sunny,True,2,True,True,3/3,True,True,markings/markings,0.977,2482
Cheonan_gangjeong_20201021_0830_WED_15m_NH_highway_TW3_sunny_FHD,1,Cheonan_gangjeong_20201021_0830_WED_15m_NH_highway_TW3_sunny_FHD,Cheonan_gangjeong,TW3,sunny,True,2,False,False,3/4,False,True,markings/vehicles,0.452,2601
Cheonan_ogsan_20201020_1600_TUE_15m_RH_highway_TW3_sunny_FHD,1,Cheonan_ogsan_20201020_1600_TUE_15m_RH_highway_TW3_sunny_FHD,Cheonan_ogsan,TW3,sunny,True,4,True,True,3/3,True,True,markings/markings,0.886,1706
Cheonan_ogsan_20201020_1100_TUE_15m_RH_highway_TW3_sunny_FHD,1,Cheonan_ogsan_20201020_1100_TUE_15m_RH_highway_TW3_sunny_FHD,Cheonan_ogsan,TW3,sunny,True,4,True,True,3/3,True,True,markings/markings,0.886,1706
Cheonan_ogsan_20201021_1000_WED_15m_RH_highway_TW3_sunny_FHD,1,Cheonan_ogsan_20201021_1000_WED_15m_RH_highway_TW3_sunny_FHD,Cheonan_ogsan,TW3,sunny,True,4,True,True,3/3,True,True,markings/markings,0.886,1706
Cheonan_ogsan_20201021_1500_WED_15m_NH_highway_TW3_sunny_FHD,1,Cheonan_ogsan_20201021_1500_WED_15m_NH_highway_TW3_sunny_FHD,Cheonan_ogsan,TW3,sunny,True,4,True,True,3/3,True,True,markings/markings,0.886,1706
Cheonan_ogsan_20201019_1630_MON_15m_RH_highway_TW3_sunny_FHD,1,Cheonan_ogsan_20201019_1630_MON_15m_RH_highway_TW3_sunny_FHD,Cheonan_ogsan,TW3,sunny,True,4,True,True,3/3,True,True,markings/markings,0.886,1706
Cheonan_sajeong_20201021_1330_WED_15m_NH_highway_TW3_sunny_FHD,1,Cheonan_sajeong_20201021_1330_WED_15m_NH_highway_TW3_sunny_FHD,Cheonan_sajeong,TW3,sunny,True,2,True,True,4/3,False,True,markings/markings,0.564,1934
Cheonan_sajeong_20201021_0730_WED_15m_NH_highway_TW3_sunny_FHD,1,Cheonan_sajeong_20201021_0730_WED_15m_NH_highway_TW3_sunny_FHD,Cheonan_sajeong,TW3,sunny,True,2,True,True,4/3,False,True,markings/markings,0.564,1934
Cheonan_sajeong_20201020_1330_TUE_15m_NH_highway_TW3_sunny_FHD,1,Cheonan_sajeong_20201020_1330_TUE_15m_NH_highway_TW3_sunny_FHD,Cheonan_sajeong,TW3,sunny,True,2,True,True,4/3,False,True,markings/markings,0.564,1934
Cheonan_sajeong_20201019_1730_MON_15m_NH_highway_TW3_sunny_FHD,1,Cheonan_sajeong_20201019_1730_MON_15m_NH_highway_TW3_sunny_FHD,Cheonan_sajeong,TW3,sunny,True,2,True,True,4/3,False,True,markings/markings,0.564,1934
Cheonan_seongnam2_20201020_1030_TUE_10m_RH_highway_TW3_sunny_FHD,1,Cheonan_seongnam2_20201020_1030_TUE_10m_RH_highway_TW3_sunny_FHD,Cheonan_seongnam2,TW3,sunny,True,2,True,True,3/2,False,True,markings/markings,0.927,1504
Cheonan_seongnam2_20201019_1630_MON_10m_RH_highway_TW3_sunny_FHD,1,Cheonan_seongnam2_20201019_1630_MON_10m_RH_highway_TW3_sunny_FHD,Cheonan_seongnam2,TW3,sunny,True,2,True,True,3/2,False,True,markings/markings,0.927,1504
Cheonan_seongnam2_20201021_0930_WED_10m_RH_highway_TW3_sunny_FHD,1,Cheonan_seongnam2_20201021_0930_WED_10m_RH_highway_TW3_sunny_FHD,Cheonan_seongnam2,TW3,sunny,True,2,True,True,3/2,False,True,markings/markings,0.927,1504
Cheonan_seongnam2_20201020_1530_TUE_10m_NH_highway_TW3_sunny_FHD,1,Cheonan_seongnam2_20201020_1530_TUE_10m_NH_highway_TW3_sunny_FHD,Cheonan_seongnam2,TW3,sunny,True,2,True,True,3/2,False,True,markings/markings,0.927,1504
Cheonan_seongnam2_20201021_1430_WED_10m_NH_highway_TW3_sunny_FHD,1,Cheonan_seongnam2_20201021_1430_WED_10m_NH_highway_TW3_sunny_FHD,Cheonan_seongnam2,TW3,sunny,True,2,True,True,3/2,False,True,markings/markings,0.927,1504
Chungju_chujeomtunnel(changwon)_20201021_1530_WED_15m_NH_highway_OW2_sunny_FHD,1,Chungju_chujeomtunnel(changwon)_20201021_1530_WED_15m_NH_highway_OW2_sunny_FHD,Chungju_chujeomtunnel(changwon),OW2,sunny,True,1,False,True,2,True,True,markings,1.0,261
Chungju_chujeomtunnel(changwon)_20201020_1630_TUE_15m_NH_highway_OW2_sunny_FHD,1,Chungju_chujeomtunnel(changwon)_20201020_1630_TUE_15m_NH_highway_OW2_sunny_FHD,Chungju_chujeomtunnel(changwon),OW2,sunny,True,1,False,True,2,True,True,markings,1.0,261
Chungju_chujeomtunnel(changwon)_20201020_1130_TUE_15m_RH_highway_OW2_sunny_FHD,1,Chungju_chujeomtunnel(changwon)_20201020_1130_TUE_15m_RH_highway_OW2_sunny_FHD,Chungju_chujeomtunnel(changwon),OW2,sunny,True,1,False,True,2,True,True,markings,1.0,261
Chungju_chujeomtunnel(changwon)_20201019_1730_MON_15m_NH_highway_OW2_sunny_FHD,1,Chungju_chujeomtunnel(changwon)_20201019_1730_MON_15m_NH_highway_OW2_sunny_FHD,Chungju_chujeomtunnel(changwon),OW2,sunny,True,1,False,True,2,True,True,markings,1.0,261
Chungju_chujeomtunnel(changwon)_20201021_1030_WED_15m_NH_highway_OW2_sunny_FHD,1,Chungju_chujeomtunnel(changwon)_20201021_1030_WED_15m_NH_highway_OW2_sunny_FHD,Chungju_chujeomtunnel(changwon),OW2,sunny,True,1,False,True,2,True,True,markings,1.0,261
Chungju_chujeomtunnel(yangpyeong)_20201020_0730_TUE_15m_NH_highway_OW2_fog_FHD,1,Chungju_chujeomtunnel(yangpyeong)_20201020_0730_TUE_15m_NH_highway_OW2_fog_FHD,Chungju_chujeomtunnel(yangpyeong),OW2,fog,True,1,False,True,2,True,True,markings,0.986,175
Chungju_chujeomtunnel(yangpyeong)_20201021_1130_WED_15m_NH_highway_OW2_sunny_FHD,1,Chungju_chujeomtunnel(yangpyeong)_20201021_1130_WED_15m_NH_highway_OW2_sunny_FHD,Chungju_chujeomtunnel(yangpyeong),OW2,sunny,True,1,False,True,2,True,True,markings,0.948,131
Chungju_chujeomtunnel(yangpyeong)_20201021_1630_WED_15m_NH_highway_OW2_sunny_FHD,1,Chungju_chujeomtunnel(yangpyeong)_20201021_1630_WED_15m_NH_highway_OW2_sunny_FHD,Chungju_chujeomtunnel(yangpyeong),OW2,sunny,True,1,False,True,2,True,True,markings,0.948,131
Chungju_chujeomtunnel(yangpyeong)_20201020_1230_TUE_15m_RH_highway_OW2_sunny_FHD,1,Chungju_chujeomtunnel(yangpyeong)_20201020_1230_TUE_15m_RH_highway_OW2_sunny_FHD,Chungju_chujeomtunnel(yangpyeong),OW2,sunny,True,1,False,True,2,True,True,markings,0.928,267
Chungju_chujeomtunnel(yangpyeong)_20201020_1730_TUE_15m_NH_highway_OW2_sunny_FHD,1,Chungju_chujeomtunnel(yangpyeong)_20201020_1730_TUE_15m_NH_highway_OW2_sunny_FHD,Chungju_chujeomtunnel(yangpyeong),OW2,sunny,True,1,False,True,2,True,True,markings,0.928,267
Chungju_danpyeong1brdg_20201021_1030_WED_15m_NH_highway_TW2_sunny_FHD,1,Chungju_danpyeong1brdg_20201021_1030_WED_15m_NH_highway_TW2_sunny_FHD,Chungju_danpyeong1brdg,TW2,sunny,True,2,True,True,1/2,False,True,markings/markings,0.978,1657
Chungju_danpyeong1brdg_20201021_1530_WED_15m_NH_highway_TW2_sunny_FHD,1,Chungju_danpyeong1brdg_20201021_1530_WED_15m_NH_highway_TW2_sunny_FHD,Chungju_danpyeong1brdg,TW2,sunny,True,1,False,False,3,False,False,markings,0.978,1757
Chungju_danpyeong1brdg_20201020_1600_TUE_15m_NH_highway_TW2_sunny_FHD,1,Chungju_danpyeong1brdg_20201020_1600_TUE_15m_NH_highway_TW2_sunny_FHD,Chungju_danpyeong1brdg,TW2,sunny,True,2,True,True,2/2,True,True,markings/markings,0.946,1428
Chungju_danpyeong1brdg_20201020_1100_TUE_15m_RH_highway_TW2_sunny_FHD,1,Chungju_danpyeong1brdg_20201020_1100_TUE_15m_RH_highway_TW2_sunny_FHD,Chungju_danpyeong1brdg,TW2,sunny,True,2,True,True,2/2,True,True,markings/markings,0.946,1428
Chungju_jogogli_20201021_1200_WED_15m_NH_highway_TW2_sunny_FHD,1,Chungju_jogogli_20201021_1200_WED_15m_NH_highway_TW2_sunny_FHD,Chungju_jogogli,TW2,sunny,True,2,True,True,2/2,True,True,markings/markings,0.996,804
Chungju_jogogli_20201021_1700_WED_15m_NH_highway_TW2_sunny_FHD,1,Chungju_jogogli_20201021_1700_WED_15m_NH_highway_TW2_sunny_FHD,Chungju_jogogli,TW2,sunny,True,2,True,True,2/2,True,True,markings/markings,0.996,804
Chungju_jogogli_20201021_0700_WED_15m_NH_highway_TW2_sunny_FHD,1,Chungju_jogogli_20201021_0700_WED_15m_NH_highway_TW2_sunny_FHD,Chungju_jogogli,TW2,sunny,True,2,True,True,2/2,True,True,markings/markings,0.996,804
Chungju_jogogli_20201020_1300_TUE_15m_RH_highway_TW2_sunny_FHD,1,Chungju_jogogli_20201020_1300_TUE_15m_RH_highway_TW2_sunny_FHD,Chungju_jogogli,TW2,sunny,True,2,True,True,2/2,True,True,markings/markings,0.985,585
Chungju_jogogli_20201020_0800_TUE_15m_NH_highway_TW2_fog_FHD,1,Chungju_jogogli_20201020_0800_TUE_15m_NH_highway_TW2_fog_FHD,Chungju_jogogli,TW2,fog,True,2,True,True,2/2,True,True,markings/markings,0.985,585
Chungju_sangwoo1brdg_20201021_1530_WED_15m_NH_highway_TW2_sunny_HD,1,Chungju_sangwoo1brdg_20201021_1530_WED_15m_NH_highway_TW2_sunny_HD,Chungju_sangwoo1brdg,TW2,sunny,True,2,True,True,3/2,False,True,markings/markings,0.696,1546
Chungju_sangwoo1brdg_20201021_1030_WED_15m_NH_highway_TW2_sunny_HD,1,Chungju_sangwoo1brdg_20201021_1030_WED_15m_NH_highway_TW2_sunny_HD,Chungju_sangwoo1brdg,TW2,sunny,True,2,True,True,3/2,False,True,markings/markings,0.696,1546
Chungju_sangwoo1brdg_20201020_1130_TUE_15m_RH_highway_TW2_sunny_HD,1,Chungju_sangwoo1brdg_20201020_1130_TUE_15m_RH_highway_TW2_sunny_HD,Chungju_sangwoo1brdg,TW2,sunny,True,2,True,True,3/2,False,True,markings/markings,0.642,1953
Chungju_sangwoo1brdg_20201020_1630_TUE_15m_NH_highway_TW2_sunny_HD,1,Chungju_sangwoo1brdg_20201020_1630_TUE_15m_NH_highway_TW2_sunny_HD,Chungju_sangwoo1brdg,TW2,sunny,True,2,True,True,3/2,False,True,markings/markings,0.642,1953
Chungju_sangwoo1brdg_20201019_2030_MON_15m_NH_highway_TW2_sunny_HD,1,Chungju_sangwoo1brdg_20201019_2030_MON_15m_NH_highway_TW2_sunny_HD,Chungju_sangwoo1brdg,TW2,sunny,True,2,True,True,3/2,False,True,markings/markings,0.642,1953
Gangneung_gangdong2brdg_20201020_1630_TUE_15m_NH_highway_TW2_sunny_FHD,1,Gangneung_gangdong2brdg_20201020_1630_TUE_15m_NH_highway_TW2_sunny_FHD,Gangneung_gangdong2brdg,TW2,sunny,True,2,True,True,2/2,True,True,markings/markings,0.817,656
Gangneung_gangdong2brdg_20201019_1730_MON_15m_NH_highway_TW2_sunny_FHD,1,Gangneung_gangdong2brdg_20201019_1730_MON_15m_NH_highway_TW2_sunny_FHD,Gangneung_gangdong2brdg,TW2,sunny,True,2,True,True,2/2,True,True,markings/markings,0.817,656
Gangneung_gangdong2brdg_20201020_1130_TUE_15m_NH_highway_TW2_sunny_FHD,1,Gangneung_gangdong2brdg_20201020_1130_TUE_15m_NH_highway_TW2_sunny_FHD,Gangneung_gangdong2brdg,TW2,sunny,True,2,True,True,2/2,True,True,markings/markings,0.817,656
Gangneung_gangdong2brdg_20201021_1030_WED_15m_NH_highway_TW2_sunny_FHD,1,Gangneung_gangdong2brdg_20201021_1030_WED_15m_NH_highway_TW2_sunny_FHD,Gangneung_gangdong2brdg,TW2,sunny,True,2,True,True,2/2,True,True,markings/markings,0.817,656
Gangneung_gangdong2brdg_20201021_1530_WED_15m_NH_highway_TW2_sunny_FHD,1,Gangneung_gangdong2brdg_20201021_1530_WED_15m_NH_highway_TW2_sunny_FHD,Gangneung_gangdong2brdg,TW2,sunny,True,2,True,True,2/2,True,True,markings/markings,0.817,656
Gangneung_hyangho1brdg_20201020_1230_TUE_15m_NH_highway_TW2_sunny_FHD,1,Gangneung_hyangho1brdg_20201020_1230_TUE_15m_NH_highway_TW2_sunny_FHD,Gangneung_hyangho1brdg,TW2,sunny,True,2,True,True,2/2,True,True,markings/markings,1.0,213
Gangneung_hyangho1brdg_20201020_0730_TUE_15m_NH_highway_TW2_sunny_FHD,1,Gangneung_hyangho1brdg_20201020_0730_TUE_15m_NH_highway_TW2_sunny_FHD,Gangneung_hyangho1brdg,TW2,sunny,True,2,True,True,2/2,True,True,markings/markings,1.0,213
Gangneung_hyangho1brdg_20201020_1730_TUE_15m_NH_highway_TW2_sunny_FHD,1,Gangneung_hyangho1brdg_20201020_1730_TUE_15m_NH_highway_TW2_sunny_FHD,Gangneung_hyangho1brdg,TW2,sunny,True,2,True,True,2/2,True,True,markings/markings,1.0,213
Gangneung_hyangho1brdg_20201021_1130_WED_15m_NH_highway_TW2_sunny_FHD,1,Gangneung_hyangho1brdg_20201021_1130_WED_15m_NH_highway_TW2_sunny_FHD,Gangneung_hyangho1brdg,TW2,sunny,True,2,True,True,2/2,True,True,markings/markings,1.0,213
Gangneung_hyangho1brdg_20201021_1630_WED_15m_NH_highway_TW2_sunny_FHD,1,Gangneung_hyangho1brdg_20201021_1630_WED_15m_NH_highway_TW2_sunny_FHD,Gangneung_hyangho1brdg,TW2,sunny,True,2,True,True,2/2,True,True,markings/markings,1.0,213
Gangneung_hyangho2brdg_20201020_1330_TUE_15m_NH_highway_TW2_sunny_FHD,1,Gangneung_hyangho2brdg_20201020_1330_TUE_15m_NH_highway_TW2_sunny_FHD,Gangneung_hyangho2brdg,TW2,sunny,True,2,True,True,2/2,True,True,markings/markings,0.994,246
Gangneung_hyangho2brdg_20201021_1230_WED_15m_NH_highway_TW2_sunny_FHD,1,Gangneung_hyangho2brdg_20201021_1230_WED_15m_NH_highway_TW2_sunny_FHD,Gangneung_hyangho2brdg,TW2,sunny,True,2,True,True,2/2,True,True,markings/markings,0.994,246
Gangneung_hyangho2brdg_20201021_0730_WED_15m_NH_highway_TW2_sunny_FHD,1,Gangneung_hyangho2brdg_20201021_0730_WED_15m_NH_highway_TW2_sunny_FHD,Gangneung_hyangho2brdg,TW2,sunny,True,2,True,True,2/2,True,True,markings/markings,0.994,246
Gangneung_hyangho2brdg_20201021_1730_WED_15m_NH_highway_TW2_sunny_FHD,1,Gangneung_hyangho2brdg_20201021_1730_WED_15m_NH_highway_TW2_sunny_FHD,Gangneung_hyangho2brdg,TW2,sunny,True,2,True,True,2/2,True,True,markings/markings,0.914,118
Gangneung_hyangho2brdg_20201020_0830_TUE_15m_NH_highway_TW2_sunny_FHD,1,Gangneung_hyangho2brdg_20201020_0830_TUE_15m_NH_highway_TW2_sunny_FHD,Gangneung_hyangho2brdg,TW2,sunny,True,2,True,True,2/2,True,True,markings/markings,0.86,91
Gangneung_nodong1brdg_20201021_1430_WED_15m_NH_highway_TW2_sunny_FHD,1,Gangneung_nodong1brdg_20201021_1430_WED_15m_NH_highway_TW2_sunny_FHD,Gangneung_nodong1brdg,TW2,sunny,True,2,True,True,3/2,False,True,markings/markings,0.674,490
Gangneung_nodong1brdg_20201021_0930_WED_15m_NH_highway_TW2_sunny_FHD,1,Gangneung_nodong1brdg_20201021_0930_WED_15m_NH_highway_TW2_sunny_FHD,Gangneung_nodong1brdg,TW2,sunny,True,1,False,False,1,False,False,markings,0.476,815
Gangneung_nodong1brdg_20201019_1630_MON_15m_NH_highway_TW2_sunny_FHD,1,Gangneung_nodong1brdg_20201019_1630_MON_15m_NH_highway_TW2_sunny_FHD,Gangneung_nodong1brdg,TW2,sunny,True,2,True,True,2/3,False,True,markings/vehicles,0.428,606
Gangneung_nodong1brdg_20201020_1030_TUE_15m_NH_highway_TW2_sunny_FHD,1,Gangneung_nodong1brdg_20201020_1030_TUE_15m_NH_highway_TW2_sunny_FHD,Gangneung_nodong1brdg,TW2,sunny,True,2,True,True,2/3,False,True,markings/vehicles,0.428,606
Gangneung_nodong1brdg_20201020_1530_TUE_15m_NH_highway_TW2_sunny_FHD,1,Gangneung_nodong1brdg_20201020_1530_TUE_15m_NH_highway_TW2_sunny_FHD,Gangneung_nodong1brdg,TW2,sunny,True,2,True,True,2/3,False,True,markings/vehicles,0.428,606
Gangneung_nodong_20201020_0930_TUE_15m_NH_highway_TW2_sunny_FHD,1,Gangneung_nodong_20201020_0930_TUE_15m_NH_highway_TW2_sunny_FHD,Gangneung_nodong,TW2,sunny,True,2,True,True,2/2,True,True,markings/markings,0.92,693
Gangneung_nodong_20201020_1430_TUE_15m_NH_highway_TW2_sunny_FHD,1,Gangneung_nodong_20201020_1430_TUE_15m_NH_highway_TW2_sunny_FHD,Gangneung_nodong,TW2,sunny,True,2,True,True,2/2,True,True,markings/markings,0.92,693
Gangneung_nodong_20201021_0830_WED_15m_NH_highway_TW2_sunny_FHD,1,Gangneung_nodong_20201021_0830_WED_15m_NH_highway_TW2_sunny_FHD,Gangneung_nodong,TW2,sunny,True,2,True,True,2/2,True,True,markings/markings,0.92,693
Gangneung_nodong_20201021_1330_WED_15m_NH_highway_TW2_sunny_FHD,1,Gangneung_nodong_20201021_1330_WED_15m_NH_highway_TW2_sunny_FHD,Gangneung_nodong,TW2,sunny,True,2,False,False,1/1,False,True,markings/markings,0.667,503
Gangneung_wichon2brdg_20201021_1430_WED_15m_NH_highway_TW2_sunny_FHD,1,Gangneung_wichon2brdg_20201021_1430_WED_15m_NH_highway_TW2_sunny_FHD,Gangneung_wichon2brdg,TW2,sunny,True,2,True,True,4/3,False,False,markings/markings,0.991,585
Gangneung_wichon2brdg_20201021_1930_WED_15m_NH_highway_TW2_sunny_FHD,1,Gangneung_wichon2brdg_20201021_1930_WED_15m_NH_highway_TW2_sunny_FHD,Gangneung_wichon2brdg,TW2,sunny,True,2,True,True,4/3,False,False,markings/markings,0.991,585
Gangneung_wichon2brdg_20201021_0930_WED_15m_NH_highway_TW2_sunny_FHD,1,Gangneung_wichon2brdg_20201021_0930_WED_15m_NH_highway_TW2_sunny_FHD,Gangneung_wichon2brdg,TW2,sunny,True,2,True,True,4/2,False,False,markings/markings,0.94,611
Gangneung_wichon2brdg_20201020_0830_TUE_15m_NH_highway_TW2_sunny_FHD,1,Gangneung_wichon2brdg_20201020_0830_TUE_15m_NH_highway_TW2_sunny_FHD,Gangneung_wichon2brdg,TW2,sunny,True,2,True,True,4/2,False,False,markings/markings,0.94,611
Gangneung_wichon2brdg_20201020_1400_TUE_15m_NH_highway_TW2_sunny_FHD,1,Gangneung_wichon2brdg_20201020_1400_TUE_15m_NH_highway_TW2_sunny_FHD,Gangneung_wichon2brdg,TW2,sunny,True,2,True,True,4/2,False,False,markings/markings,0.94,611
Gangneung_wichon2brdg_20201019_1730_MON_15m_NH_highway_TW2_sunny_FHD,1,Gangneung_wichon2brdg_20201019_1730_MON_15m_NH_highway_TW2_sunny_FHD,Gangneung_wichon2brdg,TW2,sunny,True,2,True,True,4/2,False,False,markings/markings,0.94,611
Gangneung_wichon2brdg_20201020_1900_TUE_15m_NH_highway_TW2_sunny_FHD,1,Gangneung_wichon2brdg_20201020_1900_TUE_15m_NH_highway_TW2_sunny_FHD,Gangneung_wichon2brdg,TW2,sunny,True,2,True,True,4/2,False,False,markings/markings,0.94,611
Hongcheon_guljitunnel_20201020_1030_TUE_15m_NH_highway_TW2_sunny_FHD,1,Hongcheon_guljitunnel_20201020_1030_TUE_15m_NH_highway_TW2_sunny_FHD,Hongcheon_guljitunnel,TW2,sunny,True,3,True,True,2/2,True,True,markings/vehicles,0.899,615
Hongcheon_guljitunnel_20201021_1430_WED_15m_NH_highway_TW2_sunny_FHD,1,Hongcheon_guljitunnel_20201021_1430_WED_15m_NH_highway_TW2_sunny_FHD,Hongcheon_guljitunnel,TW2,sunny,True,3,True,True,2/2,True,True,markings/vehicles,0.899,615
Hongcheon_guljitunnel_20201020_1530_TUE_15m_NH_highway_TW2_sunny_FHD,1,Hongcheon_guljitunnel_20201020_1530_TUE_15m_NH_highway_TW2_sunny_FHD,Hongcheon_guljitunnel,TW2,sunny,True,3,True,True,2/2,True,True,markings/vehicles,0.899,615
Hongcheon_guljitunnel_20201021_0930_WED_15m_NH_highway_TW2_sunny_FHD,1,Hongcheon_guljitunnel_20201021_0930_WED_15m_NH_highway_TW2_sunny_FHD,Hongcheon_guljitunnel,TW2,sunny,True,3,True,True,2/2,True,True,markings/vehicles,0.899,615
Hongcheon_gwanggyeog1brdg_20201019_1730_MON_15m_NH_highway_TW2_sunny_FHD,1,Hongcheon_gwanggyeog1brdg_20201019_1730_MON_15m_NH_highway_TW2_sunny_FHD,Hongcheon_gwanggyeog1brdg,TW2,sunny,True,2,True,True,2/2,True,True,markings/markings,0.93,395
Hongcheon_gwanggyeog1brdg_20201021_1530_WED_15m_NH_highway_TW2_sunny_FHD,1,Hongcheon_gwanggyeog1brdg_20201021_1530_WED_15m_NH_highway_TW2_sunny_FHD,Hongcheon_gwanggyeog1brdg,TW2,sunny,True,2,True,True,2/2,True,True,markings/markings,0.93,395
Hongcheon_gwanggyeog1brdg_20201020_1130_TUE_15m_NH_highway_TW2_sunny_FHD,1,Hongcheon_gwanggyeog1brdg_20201020_1130_TUE_15m_NH_highway_TW2_sunny_FHD,Hongcheon_gwanggyeog1brdg,TW2,sunny,True,2,True,True,2/2,True,True,markings/markings,0.93,395
Hongcheon_gwanggyeog1brdg_20201021_1030_WED_15m_NH_highway_TW2_sunny_FHD,1,Hongcheon_gwanggyeog1brdg_20201021_1030_WED_15m_NH_highway_TW2_sunny_FHD,Hongcheon_gwanggyeog1brdg,TW2,sunny,True,2,True,True,2/2,True,True,markings/markings,0.93,395
Hongcheon_gwanggyeog1brdg_20201020_1630_TUE_15m_NH_highway_TW2_sunny_FHD,1,Hongcheon_gwanggyeog1brdg_20201020_1630_TUE_15m_NH_highway_TW2_sunny_FHD,Hongcheon_gwanggyeog1brdg,TW2,sunny,True,2,True,True,2/2,True,True,markings/markings,0.93,395
Hongcheon_seomgangbrdg_20201021_0800_WED_15m_NH_highway_TW2_sunny_FHD,1,Hongcheon_seomgangbrdg_20201021_0800_WED_15m_NH_highway_TW2_sunny_FHD,Hongcheon_seomgangbrdg,TW2,sunny,True,2,True,True,2/3,False,True,markings/vehicles,0.494,309
Hongcheon_seomgangbrdg_20201020_1400_TUE_15m_NH_highway_TW2_sunny_FHD,1,Hongcheon_seomgangbrdg_20201020_1400_TUE_15m_NH_highway_TW2_sunny_FHD,Hongcheon_seomgangbrdg,TW2,sunny,True,2,True,True,2/3,False,True,markings/vehicles,0.494,309
Hongcheon_seomgangbrdg_20201020_0900_TUE_15m_NH_highway_TW2_sunny_FHD,1,Hongcheon_seomgangbrdg_20201020_0900_TUE_15m_NH_highway_TW2_sunny_FHD,Hongcheon_seomgangbrdg,TW2,sunny,True,2,True,True,2/3,False,True,markings/vehicles,0.494,309
Hongcheon_seomgangbrdg_20201019_1900_MON_15m_NH_highway_TW2_sunny_FHD,1,Hongcheon_seomgangbrdg_20201019_1900_MON_15m_NH_highway_TW2_sunny_FHD,Hongcheon_seomgangbrdg,TW2,sunny,True,2,True,True,2/3,False,True,markings/vehicles,0.494,309
Hongcheon_seomgangbrdg_20201021_1300_WED_15m_NH_highway_TW2_sunny_FHD,1,Hongcheon_seomgangbrdg_20201021_1300_WED_15m_NH_highway_TW2_sunny_FHD,Hongcheon_seomgangbrdg,TW2,sunny,True,2,True,True,3/4,False,False,markings/markings,0.693,478
Hongcheon_wonchang4brdg_20201019_1600_MON_15m_NH_highway_OW2_sunny_FHD,1,Hongcheon_wonchang4brdg_20201019_1600_MON_15m_NH_highway_OW2_sunny_FHD,Hongcheon_wonchang4brdg,OW2,sunny,True,1,False,True,1,False,True,markings,1.0,337
Hongcheon_wonchang4brdg_20201021_1000_WED_15m_NH_highway_OW2_sunny_FHD,1,Hongcheon_wonchang4brdg_20201021_1000_WED_15m_NH_highway_OW2_sunny_FHD,Hongcheon_wonchang4brdg,OW2,sunny,True,1,False,True,2,True,True,vehicles,0.955,202
Hongcheon_wonchang4brdg_20201021_1500_WED_15m_NH_highway_OW2_sunny_FHD,1,Hongcheon_wonchang4brdg_20201021_1500_WED_15m_NH_highway_OW2_sunny_FHD,Hongcheon_wonchang4brdg,OW2,sunny,True,1,False,True,2,True,True,vehicles,0.955,202
Inje_injetunnel2_20201210_0956_THU_4.8m_NH_highway_OW2_tunnel_FHD,1,Inje_injetunnel2_20201210_0956_THU_4.8m_NH_highway_OW2_tunnel_FHD,Inje_injetunnel2,OW2,tunnel,True,1,False,True,2,True,True,markings,0.954,386
Jeonju_deungcheon_20201021_1300_WED_10m_NH_highway_TW2_sunny_FHD,1,Jeonju_deungcheon_20201021_1300_WED_10m_NH_highway_TW2_sunny_FHD,Jeonju_deungcheon,TW2,sunny,True,2,True,True,2/2,True,True,markings/markings,0.929,101
Jeonju_deungcheon_20201021_0800_WED_10m_NH_highway_TW2_sunny_FHD,1,Jeonju_deungcheon_20201021_0800_WED_10m_NH_highway_TW2_sunny_FHD,Jeonju_deungcheon,TW2,sunny,True,2,True,True,2/2,True,True,markings/markings,0.929,101
Jeonju_deungcheon_20201021_1800_WED_10m_NH_highway_TW2_sunny_FHD,1,Jeonju_deungcheon_20201021_1800_WED_10m_NH_highway_TW2_sunny_FHD,Jeonju_deungcheon,TW2,sunny,True,2,True,True,3/2,False,True,markings/markings,0.917,409
Jeonju_deungcheon_20201020_0800_TUE_10m_NH_highway_TW2_sunny_FHD,1,Jeonju_deungcheon_20201020_0800_TUE_10m_NH_highway_TW2_sunny_FHD,Jeonju_deungcheon,TW2,sunny,True,2,True,True,2/2,True,True,markings/markings,0.842,260
Jeonju_deungcheon_20201020_1800_TUE_10m_NH_highway_TW2_sunny_FHD,1,Jeonju_deungcheon_20201020_1800_TUE_10m_NH_highway_TW2_sunny_FHD,Jeonju_deungcheon,TW2,sunny,True,2,True,True,2/2,True,True,markings/markings,0.842,260
Jeonju_deungcheon_20201020_1300_TUE_10m_NH_highway_TW2_sunny_FHD,1,Jeonju_deungcheon_20201020_1300_TUE_10m_NH_highway_TW2_sunny_FHD,Jeonju_deungcheon,TW2,sunny,True,2,True,True,2/2,True,True,markings/markings,0.842,260
Jeonju_deungcheon_20201019_1800_MON_10m_NH_highway_TW2_sunny_FHD,1,Jeonju_deungcheon_20201019_1800_MON_10m_NH_highway_TW2_sunny_FHD,Jeonju_deungcheon,TW2,sunny,True,2,True,True,2/2,True,True,markings/markings,0.842,260
Jeonju_gudeog_20201021_1500_WED_15m_NH_highway_TW3_sunny_FHD,1,Jeonju_gudeog_20201021_1500_WED_15m_NH_highway_TW3_sunny_FHD,Jeonju_gudeog,TW3,sunny,True,2,True,True,3/3,True,True,markings/markings,0.885,930
Jeonju_gudeog_20201021_1000_WED_15m_NH_highway_TW3_sunny_FHD,1,Jeonju_gudeog_20201021_1000_WED_15m_NH_highway_TW3_sunny_FHD,Jeonju_gudeog,TW3,sunny,True,2,True,True,3/3,True,True,markings/markings,0.885,930
Jeonju_gudeog_20201019_2000_MON_15m_NH_highway_TW3_sunny_FHD,1,Jeonju_gudeog_20201019_2000_MON_15m_NH_highway_TW3_sunny_FHD,Jeonju_gudeog,TW3,sunny,True,2,True,True,3/3,True,True,markings/markings,0.885,930
Jeonju_gudeog_20201020_1500_TUE_15m_NH_highway_TW3_sunny_FHD,1,Jeonju_gudeog_20201020_1500_TUE_15m_NH_highway_TW3_sunny_FHD,Jeonju_gudeog,TW3,sunny,True,2,True,True,3/3,True,True,markings/markings,0.83,864
Jeonju_gudeog_20201020_1000_TUE_15m_NH_highway_TW3_sunny_FHD,1,Jeonju_gudeog_20201020_1000_TUE_15m_NH_highway_TW3_sunny_FHD,Jeonju_gudeog,TW3,sunny,True,2,True,True,3/3,True,True,markings/markings,0.83,864
Jeonju_gudeog_20201020_2000_TUE_15m_NH_highway_TW3_sunny_FHD,1,Jeonju_gudeog_20201020_2000_TUE_15m_NH_highway_TW3_sunny_FHD,Jeonju_gudeog,TW3,sunny,True,2,True,True,3/3,True,True,markings/markings,0.83,864
Jeonju_jeongeub_20201021_1700_WED_15m_NH_highway_TW2_rainy_FHD,1,Jeonju_jeongeub_20201021_1700_WED_15m_NH_highway_TW2_rainy_FHD,Jeonju_jeongeub,TW2,rainy,True,2,True,True,2/2,True,True,markings/markings,0.771,328
Jeonju_jeongeub_20201021_0700_WED_15m_NH_highway_TW2_sunny_FHD,1,Jeonju_jeongeub_20201021_0700_WED_15m_NH_highway_TW2_sunny_FHD,Jeonju_jeongeub,TW2,sunny,True,2,True,True,2/2,True,True,markings/markings,0.771,328
Jeonju_jeongeub_20201021_1200_WED_15m_NH_highway_TW2_sunny_FHD,1,Jeonju_jeongeub_20201021_1200_WED_15m_NH_highway_TW2_sunny_FHD,Jeonju_jeongeub,TW2,sunny,True,2,True,True,2/2,True,True,markings/markings,0.771,328
Jeonju_jeongeub_20201019_1700_MON_15m_NH_highway_TW2_sunny_FHD,1,Jeonju_jeongeub_20201019_1700_MON_15m_NH_highway_TW2_sunny_FHD,Jeonju_jeongeub,TW2,sunny,True,2,True,True,3/3,False,True,markings/markings,0.768,557
Jeonju_jeongeub_20201020_0830_TUE_15m_NH_highway_TW2_fog_FHD,1,Jeonju_jeongeub_20201020_0830_TUE_15m_NH_highway_TW2_fog_FHD,Jeonju_jeongeub,TW2,fog,True,2,True,True,2/3,False,True,markings/markings,0.597,80
Jeonju_jeongeub_20201020_1330_TUE_15m_NH_highway_TW2_sunny_FHD,1,Jeonju_jeongeub_20201020_1330_TUE_15m_NH_highway_TW2_sunny_FHD,Jeonju_jeongeub,TW2,sunny,True,2,True,True,2/3,False,True,markings/markings,0.597,80
Jeonju_sangpyeongoverpass_20201021_1430_WED_15m_NH_highway_TW2_sunny_FHD,1,Jeonju_sangpyeongoverpass_20201021_1430_WED_15m_NH_highway_TW2_sunny_FHD,Jeonju_sangpyeongoverpass,TW2,sunny,True,2,True,True,1/1,False,True,markings/markings,0.958,927
Jeonju_sangpyeongoverpass_20201021_0930_WED_15m_NH_highway_TW2_sunny_FHD,1,Jeonju_sangpyeongoverpass_20201021_0930_WED_15m_NH_highway_TW2_sunny_FHD,Jeonju_sangpyeongoverpass,TW2,sunny,True,2,True,True,1/1,False,True,markings/markings,0.958,927
Jeonju_sangpyeongoverpass_20201020_1530_TUE_15m_NH_highway_TW2_sunny_FHD,1,Jeonju_sangpyeongoverpass_20201020_1530_TUE_15m_NH_highway_TW2_sunny_FHD,Jeonju_sangpyeongoverpass,TW2,sunny,True,1,False,False,2,False,False,markings,0.61,446
Jeonju_sangpyeongoverpass_20201020_1030_TUE_15m_NH_highway_TW2_sunny_FHD,1,Jeonju_sangpyeongoverpass_20201020_1030_TUE_15m_NH_highway_TW2_sunny_FHD,Jeonju_sangpyeongoverpass,TW2,sunny,True,2,True,True,4/2,False,False,vehicles/vehicles,0.551,354
Jeonju_taeinshelter(seoul)_20201019_1730_MON_15m_NH_highway_TW2_sunny_FHD,1,Jeonju_taeinshelter(seoul)_20201019_1730_MON_15m_NH_highway_TW2_sunny_FHD,Jeonju_taeinshelter(seoul),TW2,sunny,True,3,True,True,2/2,True,True,markings/markings,0.853,976
Jeonju_taeinshelter(seoul)_20201020_1400_TUE_15m_NH_highway_TW2_sunny_FHD,1,Jeonju_taeinshelter(seoul)_20201020_1400_TUE_15m_NH_highway_TW2_sunny_FHD,Jeonju_taeinshelter(seoul),TW2,sunny,True,3,True,True,2/2,True,True,markings/markings,0.853,976
Jeonju_taeinshelter(seoul)_20201021_0730_WED_15m_NH_highway_TW2_sunny_FHD,1,Jeonju_taeinshelter(seoul)_20201021_0730_WED_15m_NH_highway_TW2_sunny_FHD,Jeonju_taeinshelter(seoul),TW2,sunny,True,3,True,True,2/2,True,True,markings/markings,0.853,976
Jeonju_taeinshelter(seoul)_20201020_0900_TUE_15m_NH_highway_TW2_fog_FHD,1,Jeonju_taeinshelter(seoul)_20201020_0900_TUE_15m_NH_highway_TW2_fog_FHD,Jeonju_taeinshelter(seoul),TW2,fog,True,2,False,False,4/2,False,False,markings/vehicles,0.519,441
Jeonju_taeinshelter(seoul)_20201021_1300_WED_15m_NH_highway_TW2_sunny_FHD,1,Jeonju_taeinshelter(seoul)_20201021_1300_WED_15m_NH_highway_TW2_sunny_FHD,Jeonju_taeinshelter(seoul),TW2,sunny,True,2,True,True,2/1,False,True,markings/markings,0.384,1557
Jincheon_jangam_20201021_0830_WED_15m_NH_highway_TW2_sunny_FHD,1,Jincheon_jangam_20201021_0830_WED_15m_NH_highway_TW2_sunny_FHD,Jincheon_jangam,TW2,sunny,True,2,True,True,2/2,True,True,markings/markings,0.939,1016
Jincheon_namioverpass_20201021_0900_WED_15m_NH_highway_OW2_sunny_FHD,1,Jincheon_namioverpass_20201021_0900_WED_15m_NH_highway_OW2_sunny_FHD,Jincheon_namioverpass,OW2,sunny,True,2,True,False,2,True,True,markings,0.606,943
Jincheon_namioverpass_20201021_1400_WED_15m_NH_highway_OW2_sunny_FHD,1,Jincheon_namioverpass_20201021_1400_WED_15m_NH_highway_OW2_sunny_FHD,Jincheon_namioverpass,OW2,sunny,True,2,True,False,2,True,True,markings,0.606,943
Jincheon_namioverpass_20201020_1400_TUE_15m_NH_highway_OW2_sunny_FHD,1,Jincheon_namioverpass_20201020_1400_TUE_15m_NH_highway_OW2_sunny_FHD,Jincheon_namioverpass,OW2,sunny,True,2,True,False,2,True,True,markings,0.606,943
Jincheon_namioverpass_20201020_0900_TUE_15m_NH_highway_OW2_fog_FHD,1,Jincheon_namioverpass_20201020_0900_TUE_15m_NH_highway_OW2_fog_FHD,Jincheon_namioverpass,OW2,fog,True,2,True,False,2,True,True,markings,0.606,943
Jincheon_namioverpass_20201020_1900_TUE_15m_NH_highway_OW2_sunny_FHD,1,Jincheon_namioverpass_20201020_1900_TUE_15m_NH_highway_OW2_sunny_FHD,Jincheon_namioverpass,OW2,sunny,True,2,True,False,2,True,True,markings,0.606,943
Jincheon_namioverpass_20201021_1900_WED_15m_NH_highway_OW2_sunny_FHD,1,Jincheon_namioverpass_20201021_1900_WED_15m_NH_highway_OW2_sunny_FHD,Jincheon_namioverpass,OW2,sunny,True,2,True,False,2,True,True,markings,0.606,943
Jincheon_namioverpass_20201019_1900_MON_15m_NH_highway_OW2_sunny_FHD,1,Jincheon_namioverpass_20201019_1900_MON_15m_NH_highway_OW2_sunny_FHD,Jincheon_namioverpass,OW2,sunny,True,2,True,False,2,True,True,markings,0.606,943
Suwon_CH01_20200721_1700_TUE_9m_RH_highway_TW5_sunny_FHD,1,Suwon_CH01_20200721_1700_TUE_9m_RH_highway_TW5_sunny_FHD,Suwon_CH01,TW5,sunny,True,3,True,True,2/1,False,False,markings/markings,0.61,6191
Suwon_CH01_20200720_1830_MON_9m_RH_highway_TW5_sunny_FHD__view0,2,Suwon_CH01_20200720_1830_MON_9m_RH_highway_TW5_sunny_FHD,Suwon_CH01,TW5,sunny,True,3,True,True,2/1,False,False,markings/markings,0.61,6191
Suwon_CH01_20200722_1500_WED_9m_NH_highway_TW5_rainy_FHD,1,Suwon_CH01_20200722_1500_WED_9m_NH_highway_TW5_rainy_FHD,Suwon_CH01,TW5,rainy,True,3,True,True,2/1,False,False,markings/markings,0.61,6191
Suwon_CH01_20200720_1830_MON_9m_RH_highway_TW5_sunny_FHD__view1,2,Suwon_CH01_20200720_1830_MON_9m_RH_highway_TW5_sunny_FHD,Suwon_CH01,TW5,sunny,True,3,True,True,2/1,False,False,markings/markings,0.61,6191
Suwon_CH01_20201012_2023_MON_9m_NH_highway_TW5_sunny_FHD__view1,2,Suwon_CH01_20201012_2023_MON_9m_NH_highway_TW5_sunny_FHD,Suwon_CH01,TW5,sunny,True,3,True,True,2/1,False,False,markings/markings,0.61,6191
Suwon_CH01_20201010_1930_SAT_9m_NH_highway_TW5_sunny_FHD__view0,2,Suwon_CH01_20201010_1930_SAT_9m_NH_highway_TW5_sunny_FHD,Suwon_CH01,TW5,sunny,True,3,True,True,2/1,False,False,markings/markings,0.61,6191
Suwon_CH01_20201012_2023_MON_9m_NH_highway_TW5_sunny_FHD__view0,2,Suwon_CH01_20201012_2023_MON_9m_NH_highway_TW5_sunny_FHD,Suwon_CH01,TW5,sunny,True,2,False,False,4/2,False,False,markings/markings,0.446,607
Suwon_CH01_20201010_1930_SAT_9m_NH_highway_TW5_sunny_FHD__view1,2,Suwon_CH01_20201010_1930_SAT_9m_NH_highway_TW5_sunny_FHD,Suwon_CH01,TW5,sunny,True,2,False,False,4/2,False,False,markings/markings,0.446,607
Suwon_CH02_20200720_1830_MON_9m_NH_highway_TW5_sunny_FHD__view0,2,Suwon_CH02_20200720_1830_MON_9m_NH_highway_TW5_sunny_FHD,Suwon_CH02,TW5,sunny,True,2,True,True,1/3,False,False,markings/markings,0.628,1160
Suwon_CH02_20200722_1530_WED_9m_NH_highway_TW5_rainy_FHD__view1,2,Suwon_CH02_20200722_1530_WED_9m_NH_highway_TW5_rainy_FHD,Suwon_CH02,TW5,rainy,True,2,True,True,1/3,False,False,markings/markings,0.628,1160
Suwon_CH02_20200721_1800_TUE_9m_RH_highway_TW5_sunny_FHD__view0,2,Suwon_CH02_20200721_1800_TUE_9m_RH_highway_TW5_sunny_FHD,Suwon_CH02,TW5,sunny,True,2,True,True,1/3,False,False,markings/markings,0.628,1160
Suwon_CH02_20200720_1830_MON_9m_NH_highway_TW5_sunny_FHD__view1,2,Suwon_CH02_20200720_1830_MON_9m_NH_highway_TW5_sunny_FHD,Suwon_CH02,TW5,sunny,True,2,True,True,5/4,False,True,markings/markings,0.741,1624
Suwon_CH02_20200722_1530_WED_9m_NH_highway_TW5_rainy_FHD__view0,2,Suwon_CH02_20200722_1530_WED_9m_NH_highway_TW5_rainy_FHD,Suwon_CH02,TW5,rainy,True,2,True,True,5/4,False,True,markings/markings,0.741,1624
Suwon_CH02_20200721_1800_TUE_9m_RH_highway_TW5_sunny_FHD__view1,2,Suwon_CH02_20200721_1800_TUE_9m_RH_highway_TW5_sunny_FHD,Suwon_CH02,TW5,sunny,True,2,True,True,5/4,False,True,markings/markings,0.741,1624
Suwon_CH02_20201012_2059_MON_9m_NH_highway_TW5_sunny_FHD__view1,3,Suwon_CH02_20201012_2059_MON_9m_NH_highway_TW5_sunny_FHD,Suwon_CH02,TW5,sunny,True,2,True,True,5/4,False,True,markings/markings,0.741,1624
Suwon_CH02_20201010_2038_SAT_9m_NH_highway_TW5_sunny_FHD__view0,3,Suwon_CH02_20201010_2038_SAT_9m_NH_highway_TW5_sunny_FHD,Suwon_CH02,TW5,sunny,True,2,True,True,5/4,False,True,markings/markings,0.741,1624
Suwon_CH02_20201012_2059_MON_9m_NH_highway_TW5_sunny_FHD__view2,3,Suwon_CH02_20201012_2059_MON_9m_NH_highway_TW5_sunny_FHD,Suwon_CH02,TW5,sunny,True,1,False,False,4,False,False,markings,0.724,90
Suwon_CH02_20201010_2038_SAT_9m_NH_highway_TW5_sunny_FHD__view2,3,Suwon_CH02_20201010_2038_SAT_9m_NH_highway_TW5_sunny_FHD,Suwon_CH02,TW5,sunny,True,1,False,False,4,False,False,markings,0.724,90
Suwon_CH02_20201012_2059_MON_9m_NH_highway_TW5_sunny_FHD__view0,3,Suwon_CH02_20201012_2059_MON_9m_NH_highway_TW5_sunny_FHD,Suwon_CH02,TW5,sunny,True,2,True,True,1/2,False,False,markings/markings,0.665,139
Suwon_CH02_20201010_2038_SAT_9m_NH_highway_TW5_sunny_FHD__view1,3,Suwon_CH02_20201010_2038_SAT_9m_NH_highway_TW5_sunny_FHD,Suwon_CH02,TW5,sunny,True,2,True,True,1/2,False,False,markings/markings,0.665,139
Suwon_CH03_20200722_1700_WED_9m_NH_highway_OW5_sunny_FHD__view0,2,Suwon_CH03_20200722_1700_WED_9m_NH_highway_OW5_sunny_FHD,Suwon_CH03,OW5,sunny,True,1,False,True,5,True,True,markings,0.885,781
Suwon_CH03_20201010_2145_SAT_9m_NH_highway_OW5_sunny_FHD__view1,2,Suwon_CH03_20201010_2145_SAT_9m_NH_highway_OW5_sunny_FHD,Suwon_CH03,OW5,sunny,True,1,False,True,5,True,True,markings,0.885,781
Suwon_CH03_20200721_2000_TUE_9m_NH_highway_OW5_sunny_FHD__view1,2,Suwon_CH03_20200721_2000_TUE_9m_NH_highway_OW5_sunny_FHD,Suwon_CH03,OW5,sunny,True,1,False,True,5,True,True,markings,0.885,781
Suwon_CH03_20200720_2030_MON_9m_NH_highway_OW5_sunny_FHD__view1,2,Suwon_CH03_20200720_2030_MON_9m_NH_highway_OW5_sunny_FHD,Suwon_CH03,OW5,sunny,True,1,False,True,5,True,True,markings,0.885,781
Suwon_CH03_20200722_1700_WED_9m_NH_highway_OW5_sunny_FHD__view1,2,Suwon_CH03_20200722_1700_WED_9m_NH_highway_OW5_sunny_FHD,Suwon_CH03,OW5,sunny,True,1,False,True,6,False,True,markings,0.51,885
Suwon_CH03_20201010_2145_SAT_9m_NH_highway_OW5_sunny_FHD__view0,2,Suwon_CH03_20201010_2145_SAT_9m_NH_highway_OW5_sunny_FHD,Suwon_CH03,OW5,sunny,True,1,False,True,6,False,True,markings,0.51,885
Suwon_CH03_20200720_2030_MON_9m_NH_highway_OW5_sunny_FHD__view0,2,Suwon_CH03_20200720_2030_MON_9m_NH_highway_OW5_sunny_FHD,Suwon_CH03,OW5,sunny,True,1,False,True,6,False,True,markings,0.51,885
Suwon_CH03_20200721_2000_TUE_9m_NH_highway_OW5_sunny_FHD__view0,2,Suwon_CH03_20200721_2000_TUE_9m_NH_highway_OW5_sunny_FHD,Suwon_CH03,OW5,sunny,True,1,False,True,6,False,True,markings,0.51,885
Suwon_CH04_20200720_1600_MON_9m_NH_highway_OW5_sunny_FHD__view1,2,Suwon_CH04_20200720_1600_MON_9m_NH_highway_OW5_sunny_FHD,Suwon_CH04,OW5,sunny,True,1,False,True,6,False,True,markings,0.929,254
Suwon_CH04_20200721_1500_TUE_9m_NH_highway_OW5_sunny_FHD__view1,2,Suwon_CH04_20200721_1500_TUE_9m_NH_highway_OW5_sunny_FHD,Suwon_CH04,OW5,sunny,True,1,False,True,6,False,True,markings,0.929,254
Suwon_CH04_20200722_1800_WED_9m_NH_highway_OW5_sunny_FHD__view0,2,Suwon_CH04_20200722_1800_WED_9m_NH_highway_OW5_sunny_FHD,Suwon_CH04,OW5,sunny,True,1,False,True,6,False,True,markings,0.929,254
Suwon_CH04_20201011_2020_SUN_9m_NH_highway_OW5_sunny_FHD__view0,2,Suwon_CH04_20201011_2020_SUN_9m_NH_highway_OW5_sunny_FHD,Suwon_CH04,OW5,sunny,True,1,False,True,6,False,True,markings,0.929,254
Suwon_CH04_20200721_2030_TUE_9m_NH_highway_OW5_sunny_FHD__view1,2,Suwon_CH04_20200721_2030_TUE_9m_NH_highway_OW5_sunny_FHD,Suwon_CH04,OW5,sunny,True,1,False,True,6,False,True,markings,0.929,254
Suwon_CH04_20200722_1800_WED_9m_NH_highway_OW5_sunny_FHD__view1,2,Suwon_CH04_20200722_1800_WED_9m_NH_highway_OW5_sunny_FHD,Suwon_CH04,OW5,sunny,True,1,False,True,2,False,False,markings,0.582,321
Suwon_CH04_20200720_1600_MON_9m_NH_highway_OW5_sunny_FHD__view0,2,Suwon_CH04_20200720_1600_MON_9m_NH_highway_OW5_sunny_FHD,Suwon_CH04,OW5,sunny,True,1,False,True,2,False,False,markings,0.582,321
Suwon_CH04_20200721_1500_TUE_9m_NH_highway_OW5_sunny_FHD__view0,2,Suwon_CH04_20200721_1500_TUE_9m_NH_highway_OW5_sunny_FHD,Suwon_CH04,OW5,sunny,True,1,False,True,2,False,False,markings,0.582,321
Suwon_CH04_20200721_2030_TUE_9m_NH_highway_OW5_sunny_FHD__view0,2,Suwon_CH04_20200721_2030_TUE_9m_NH_highway_OW5_sunny_FHD,Suwon_CH04,OW5,sunny,True,1,False,True,2,False,False,markings,0.582,321
Suwon_CH04_20201011_2020_SUN_9m_NH_highway_OW5_sunny_FHD__view1,2,Suwon_CH04_20201011_2020_SUN_9m_NH_highway_OW5_sunny_FHD,Suwon_CH04,OW5,sunny,True,1,False,True,2,False,False,markings,0.582,321
Suwon_CH05_20200720_1700_MON_9m_NH_highway_OW5_sunny_FHD__view2,3,Suwon_CH05_20200720_1700_MON_9m_NH_highway_OW5_sunny_FHD,Suwon_CH05,OW5,sunny,True,1,False,True,5,True,True,markings,0.97,648
Suwon_CH05_20200721_1530_TUE_9m_NH_highway_OW5_sunny_FHD__view1,3,Suwon_CH05_20200721_1530_TUE_9m_NH_highway_OW5_sunny_FHD,Suwon_CH05,OW5,sunny,True,1,False,True,5,True,True,markings,0.97,648
Suwon_CH05_20201011_2058_SUN_9m_NH_highway_OW5_sunny_FHD__view0,2,Suwon_CH05_20201011_2058_SUN_9m_NH_highway_OW5_sunny_FHD,Suwon_CH05,OW5,sunny,True,1,False,True,5,True,True,markings,0.97,648
Suwon_CH05_20200722_1900_WED_9m_NH_highway_OW5_sunny_FHD__view2,3,Suwon_CH05_20200722_1900_WED_9m_NH_highway_OW5_sunny_FHD,Suwon_CH05,OW5,sunny,True,1,False,True,5,True,True,markings,0.97,648
Suwon_CH05_20200721_2130_TUE_9m_NH_highway_OW5_sunny_FHD__view2,3,Suwon_CH05_20200721_2130_TUE_9m_NH_highway_OW5_sunny_FHD,Suwon_CH05,OW5,sunny,True,1,False,True,5,True,True,markings,0.97,648
Suwon_CH05_20200721_1530_TUE_9m_NH_highway_OW5_sunny_FHD__view2,3,Suwon_CH05_20200721_1530_TUE_9m_NH_highway_OW5_sunny_FHD,Suwon_CH05,OW5,sunny,True,1,False,True,4,False,True,vehicles,0.346,554
Suwon_CH05_20200720_1700_MON_9m_NH_highway_OW5_sunny_FHD__view1,3,Suwon_CH05_20200720_1700_MON_9m_NH_highway_OW5_sunny_FHD,Suwon_CH05,OW5,sunny,True,1,False,True,4,False,True,vehicles,0.346,554
Suwon_CH05_20200721_1530_TUE_9m_NH_highway_OW5_sunny_FHD__view0,3,Suwon_CH05_20200721_1530_TUE_9m_NH_highway_OW5_sunny_FHD,Suwon_CH05,OW5,sunny,True,1,False,True,4,False,True,vehicles,0.346,554
Suwon_CH05_20200720_1700_MON_9m_NH_highway_OW5_sunny_FHD__view0,3,Suwon_CH05_20200720_1700_MON_9m_NH_highway_OW5_sunny_FHD,Suwon_CH05,OW5,sunny,True,1,False,True,4,False,True,vehicles,0.346,554
Suwon_CH05_20200721_2130_TUE_9m_NH_highway_OW5_sunny_FHD__view0,3,Suwon_CH05_20200721_2130_TUE_9m_NH_highway_OW5_sunny_FHD,Suwon_CH05,OW5,sunny,True,1,False,True,4,False,True,vehicles,0.346,554
Suwon_CH05_20200722_1900_WED_9m_NH_highway_OW5_sunny_FHD__view1,3,Suwon_CH05_20200722_1900_WED_9m_NH_highway_OW5_sunny_FHD,Suwon_CH05,OW5,sunny,True,1,False,True,4,False,True,vehicles,0.346,554
Suwon_CH05_20201011_2058_SUN_9m_NH_highway_OW5_sunny_FHD__view1,2,Suwon_CH05_20201011_2058_SUN_9m_NH_highway_OW5_sunny_FHD,Suwon_CH05,OW5,sunny,True,1,False,True,5,True,True,markings,0.99,235
Suwon_CH05_20200722_1900_WED_9m_NH_highway_OW5_sunny_FHD__view0,3,Suwon_CH05_20200722_1900_WED_9m_NH_highway_OW5_sunny_FHD,Suwon_CH05,OW5,sunny,True,1,False,True,5,True,True,vehicles,0.299,149
Suwon_CH05_20200721_2130_TUE_9m_NH_highway_OW5_sunny_FHD__view1,3,Suwon_CH05_20200721_2130_TUE_9m_NH_highway_OW5_sunny_FHD,Suwon_CH05,OW5,sunny,True,1,False,True,5,True,True,vehicles,0.299,149
Suwon_CH06_20200722_1430_WED_9m_NH_highway_OW5_rainy_FHD__view1,2,Suwon_CH06_20200722_1430_WED_9m_NH_highway_OW5_rainy_FHD,Suwon_CH06,OW5,rainy,True,1,False,True,5,True,True,markings,0.997,264
Suwon_CH06_20200721_1630_TUE_9m_NH_highway_OW5_sunny_FHD__view0,2,Suwon_CH06_20200721_1630_TUE_9m_NH_highway_OW5_sunny_FHD,Suwon_CH06,OW5,sunny,True,1,False,True,5,True,True,markings,0.997,264
Suwon_CH06_20200720_1800_MON_9m_NH_highway_OW5_sunny_FHD__view0,2,Suwon_CH06_20200720_1800_MON_9m_NH_highway_OW5_sunny_FHD,Suwon_CH06,OW5,sunny,True,1,False,True,5,True,True,markings,0.997,264
Suwon_CH06_20200720_1800_MON_9m_NH_highway_OW5_sunny_FHD__view1,2,Suwon_CH06_20200720_1800_MON_9m_NH_highway_OW5_sunny_FHD,Suwon_CH06,OW5,sunny,True,1,False,True,5,True,True,markings,0.997,264
Suwon_CH06_20200722_1430_WED_9m_NH_highway_OW5_rainy_FHD__view0,2,Suwon_CH06_20200722_1430_WED_9m_NH_highway_OW5_rainy_FHD,Suwon_CH06,OW5,rainy,True,1,False,True,5,True,True,markings,0.997,264
Suwon_CH06_20200721_1630_TUE_9m_NH_highway_OW5_sunny_FHD__view1,2,Suwon_CH06_20200721_1630_TUE_9m_NH_highway_OW5_sunny_FHD,Suwon_CH06,OW5,sunny,True,1,False,True,5,True,True,markings,0.997,264
Suwon_CH06_20201010_1932_SAT_9m_NH_highway_OW5_sunny_FHD__view1,3,Suwon_CH06_20201010_1932_SAT_9m_NH_highway_OW5_sunny_FHD,Suwon_CH06,OW5,sunny,True,1,False,True,5,True,True,markings,0.997,264
Suwon_CH06_20201012_2012_MON_9m_NH_highway_OW5_sunny_FHD,1,Suwon_CH06_20201012_2012_MON_9m_NH_highway_OW5_sunny_FHD,Suwon_CH06,OW5,sunny,True,1,False,True,4,False,True,markings,0.957,1327
Suwon_CH06_20201010_1932_SAT_9m_NH_highway_OW5_sunny_FHD__view2,3,Suwon_CH06_20201010_1932_SAT_9m_NH_highway_OW5_sunny_FHD,Suwon_CH06,OW5,sunny,True,2,True,False,4,False,True,vehicles,0.193,629
Suwon_CH06_20201010_1932_SAT_9m_NH_highway_OW5_sunny_FHD__view0,3,Suwon_CH06_20201010_1932_SAT_9m_NH_highway_OW5_sunny_FHD,Suwon_CH06,OW5,sunny,True,2,True,False,4,False,True,vehicles,0.193,629
Suwon_CH07_20200720_1800_MON_9m_NH_highway_OW5_sunny_FHD__view0,3,Suwon_CH07_20200720_1800_MON_9m_NH_highway_OW5_sunny_FHD,Suwon_CH07,OW5,sunny,True,1,False,True,5,True,True,markings,0.992,976
Suwon_CH07_20200721_1730_TUE_9m_NH_highway_OW5_sunny_FHD__view1,3,Suwon_CH07_20200721_1730_TUE_9m_NH_highway_OW5_sunny_FHD,Suwon_CH07,OW5,sunny,True,1,False,True,5,True,True,markings,0.992,976
Suwon_CH07_20200722_1500_WED_9m_NH_highway_OW5_rainy_FHD__view0,3,Suwon_CH07_20200722_1500_WED_9m_NH_highway_OW5_rainy_FHD,Suwon_CH07,OW5,rainy,True,1,False,True,5,True,True,markings,0.992,976
Suwon_CH07_20201012_1955_MON_9m_NH_highway_OW5_sunny_FHD__view2,3,Suwon_CH07_20201012_1955_MON_9m_NH_highway_OW5_sunny_FHD,Suwon_CH07,OW5,sunny,True,1,False,True,5,True,True,markings,0.992,976
Suwon_CH07_20201010_1938_SAT_9m_NH_highway_OW5_sunny_FHD__view1,3,Suwon_CH07_20201010_1938_SAT_9m_NH_highway_OW5_sunny_FHD,Suwon_CH07,OW5,sunny,True,1,False,True,5,True,True,markings,0.992,976
Suwon_CH07_20200721_1730_TUE_9m_NH_highway_OW5_sunny_FHD__view2,3,Suwon_CH07_20200721_1730_TUE_9m_NH_highway_OW5_sunny_FHD,Suwon_CH07,OW5,sunny,True,1,False,True,4,False,True,markings,0.982,661
Suwon_CH07_20200722_1500_WED_9m_NH_highway_OW5_rainy_FHD__view1,3,Suwon_CH07_20200722_1500_WED_9m_NH_highway_OW5_rainy_FHD,Suwon_CH07,OW5,rainy,True,1,False,True,4,False,True,markings,0.982,661
Suwon_CH07_20200720_1800_MON_9m_NH_highway_OW5_sunny_FHD__view1,3,Suwon_CH07_20200720_1800_MON_9m_NH_highway_OW5_sunny_FHD,Suwon_CH07,OW5,sunny,True,1,False,True,4,False,True,markings,0.982,661
Suwon_CH07_20201012_1955_MON_9m_NH_highway_OW5_sunny_FHD__view0,3,Suwon_CH07_20201012_1955_MON_9m_NH_highway_OW5_sunny_FHD,Suwon_CH07,OW5,sunny,True,1,False,True,4,False,True,markings,0.982,661
Suwon_CH07_20201010_1938_SAT_9m_NH_highway_OW5_sunny_FHD__view2,3,Suwon_CH07_20201010_1938_SAT_9m_NH_highway_OW5_sunny_FHD,Suwon_CH07,OW5,sunny,True,1,False,True,4,False,True,markings,0.982,661
Suwon_CH07_20200722_1500_WED_9m_NH_highway_OW5_rainy_FHD__view2,3,Suwon_CH07_20200722_1500_WED_9m_NH_highway_OW5_rainy_FHD,Suwon_CH07,OW5,rainy,True,1,False,True,1,False,False,markings,0.975,239
Suwon_CH07_20200720_1800_MON_9m_NH_highway_OW5_sunny_FHD__view2,3,Suwon_CH07_20200720_1800_MON_9m_NH_highway_OW5_sunny_FHD,Suwon_CH07,OW5,sunny,True,1,False,True,1,False,False,markings,0.975,239
Suwon_CH07_20200721_1730_TUE_9m_NH_highway_OW5_sunny_FHD__view0,3,Suwon_CH07_20200721_1730_TUE_9m_NH_highway_OW5_sunny_FHD,Suwon_CH07,OW5,sunny,True,1,False,True,1,False,False,markings,0.975,239
Suwon_CH07_20201012_1955_MON_9m_NH_highway_OW5_sunny_FHD__view1,3,Suwon_CH07_20201012_1955_MON_9m_NH_highway_OW5_sunny_FHD,Suwon_CH07,OW5,sunny,True,1,False,True,1,False,False,markings,0.975,239
Suwon_CH07_20201010_1938_SAT_9m_NH_highway_OW5_sunny_FHD__view0,3,Suwon_CH07_20201010_1938_SAT_9m_NH_highway_OW5_sunny_FHD,Suwon_CH07,OW5,sunny,True,1,False,True,1,False,False,markings,0.975,239
Suwon_CH08_20200720_1830_MON_9m_NH_highway_OW5_sunny_FHD__view0,2,Suwon_CH08_20200720_1830_MON_9m_NH_highway_OW5_sunny_FHD,Suwon_CH08,OW5,sunny,True,1,False,True,5,True,True,markings,0.994,1914
Suwon_CH08_20200721_1730_TUE_9m_NH_highway_OW5_sunny_FHD,1,Suwon_CH08_20200721_1730_TUE_9m_NH_highway_OW5_sunny_FHD,Suwon_CH08,OW5,sunny,True,1,False,True,5,True,True,markings,0.994,1914
Suwon_CH08_20200722_1500_WED_9m_NH_highway_OW5_rainy_FHD,1,Suwon_CH08_20200722_1500_WED_9m_NH_highway_OW5_rainy_FHD,Suwon_CH08,OW5,rainy,True,1,False,True,5,True,True,markings,0.994,1914
Suwon_CH08_20201010_1945_SAT_9m_NH_highway_OW5_sunny_FHD__view1,2,Suwon_CH08_20201010_1945_SAT_9m_NH_highway_OW5_sunny_FHD,Suwon_CH08,OW5,sunny,True,1,False,True,5,True,True,markings,0.994,1914
Suwon_CH08_20201011_2149_SUN_9m_NH_highway_OW5_sunny_FHD__view0,2,Suwon_CH08_20201011_2149_SUN_9m_NH_highway_OW5_sunny_FHD,Suwon_CH08,OW5,sunny,True,1,False,True,5,True,True,markings,0.994,1914
Suwon_CH08_20200720_1830_MON_9m_NH_highway_OW5_sunny_FHD__view1,2,Suwon_CH08_20200720_1830_MON_9m_NH_highway_OW5_sunny_FHD,Suwon_CH08,OW5,sunny,True,1,False,True,5,True,True,markings,0.984,870
Suwon_CH08_20201010_1945_SAT_9m_NH_highway_OW5_sunny_FHD__view0,2,Suwon_CH08_20201010_1945_SAT_9m_NH_highway_OW5_sunny_FHD,Suwon_CH08,OW5,sunny,True,1,False,True,5,True,True,markings,0.984,870
Suwon_CH08_20201011_2149_SUN_9m_NH_highway_OW5_sunny_FHD__view1,2,Suwon_CH08_20201011_2149_SUN_9m_NH_highway_OW5_sunny_FHD,Suwon_CH08,OW5,sunny,True,1,False,True,5,True,True,markings,0.984,870
Suwon_CH09_20200721_1730_TUE_9m_NH_highway_OW5_sunny_FHD__view1,2,Suwon_CH09_20200721_1730_TUE_9m_NH_highway_OW5_sunny_FHD,Suwon_CH09,OW5,sunny,True,2,True,False,4,False,True,markings,0.972,1349
Suwon_CH09_20200722_1600_WED_9m_NH_highway_OW5_sunny_FHD__view1,2,Suwon_CH09_20200722_1600_WED_9m_NH_highway_OW5_sunny_FHD,Suwon_CH09,OW5,sunny,True,2,True,False,4,False,True,markings,0.972,1349
Suwon_CH09_20201010_2022_SAT_9m_NH_highway_OW5_sunny_FHD__view1,2,Suwon_CH09_20201010_2022_SAT_9m_NH_highway_OW5_sunny_FHD,Suwon_CH09,OW5,sunny,True,2,True,False,4,False,True,markings,0.972,1349
Suwon_CH09_20200720_1900_MON_9m_NH_highway_OW5_sunny_FHD__view1,2,Suwon_CH09_20200720_1900_MON_9m_NH_highway_OW5_sunny_FHD,Suwon_CH09,OW5,sunny,True,2,True,False,4,False,True,markings,0.972,1349
Suwon_CH09_20201012_2140_MON_9m_NH_highway_OW5_sunny_FHD__view1,2,Suwon_CH09_20201012_2140_MON_9m_NH_highway_OW5_sunny_FHD,Suwon_CH09,OW5,sunny,True,2,True,False,4,False,True,markings,0.972,1349
Suwon_CH09_20200721_1730_TUE_9m_NH_highway_OW5_sunny_FHD__view0,2,Suwon_CH09_20200721_1730_TUE_9m_NH_highway_OW5_sunny_FHD,Suwon_CH09,OW5,sunny,True,1,False,True,3,False,False,markings,0.976,1850
Suwon_CH09_20200722_1600_WED_9m_NH_highway_OW5_sunny_FHD__view0,2,Suwon_CH09_20200722_1600_WED_9m_NH_highway_OW5_sunny_FHD,Suwon_CH09,OW5,sunny,True,1,False,True,3,False,False,markings,0.976,1850
Suwon_CH09_20201012_2140_MON_9m_NH_highway_OW5_sunny_FHD__view0,2,Suwon_CH09_20201012_2140_MON_9m_NH_highway_OW5_sunny_FHD,Suwon_CH09,OW5,sunny,True,1,False,True,3,False,False,markings,0.976,1850
Suwon_CH09_20200720_1900_MON_9m_NH_highway_OW5_sunny_FHD__view0,2,Suwon_CH09_20200720_1900_MON_9m_NH_highway_OW5_sunny_FHD,Suwon_CH09,OW5,sunny,True,1,False,True,3,False,False,markings,0.976,1850
Suwon_CH09_20201010_2022_SAT_9m_NH_highway_OW5_sunny_FHD__view0,2,Suwon_CH09_20201010_2022_SAT_9m_NH_highway_OW5_sunny_FHD,Suwon_CH09,OW5,sunny,True,1,False,True,3,False,False,markings,0.976,1850
Suwon_CH10_20201213_0958_SUN_9m_NH_highway_OW5_snow_FHD__view0,2,Suwon_CH10_20201213_0958_SUN_9m_NH_highway_OW5_snow_FHD,Suwon_CH10,OW5,snow,True,3,True,False,4,False,True,markings,0.96,1531
Suwon_CH10_20200722_1800_WED_9m_NH_highway_TW5_sunny_FHD__view1,2,Suwon_CH10_20200722_1800_WED_9m_NH_highway_TW5_sunny_FHD,Suwon_CH10,TW5,sunny,True,3,True,True,4/2,False,False,markings/markings,0.96,1531
Suwon_CH10_20201011_1957_SUN_9m_NH_highway_OW5_sunny_FHD__view0,2,Suwon_CH10_20201011_1957_SUN_9m_NH_highway_OW5_sunny_FHD,Suwon_CH10,OW5,sunny,True,3,True,False,4,False,True,markings,0.96,1531
Suwon_CH10_20200720_2030_MON_9m_NH_highway_TW5_sunny_FHD__view1,2,Suwon_CH10_20200720_2030_MON_9m_NH_highway_TW5_sunny_FHD,Suwon_CH10,TW5,sunny,True,3,True,True,4/2,False,False,markings/markings,0.96,1531
Suwon_CH10_20200721_1930_TUE_9m_NH_highway_TW5_sunny_FHD__view1,2,Suwon_CH10_20200721_1930_TUE_9m_NH_highway_TW5_sunny_FHD,Suwon_CH10,TW5,sunny,True,3,True,True,4/2,False,False,markings/markings,0.96,1531
Suwon_CH10_20200722_1800_WED_9m_NH_highway_TW5_sunny_FHD__view0,2,Suwon_CH10_20200722_1800_WED_9m_NH_highway_TW5_sunny_FHD,Suwon_CH10,TW5,sunny,True,2,False,False,4/2,False,False,markings/markings,0.652,594
Suwon_CH10_20201213_0958_SUN_9m_NH_highway_OW5_snow_FHD__view1,2,Suwon_CH10_20201213_0958_SUN_9m_NH_highway_OW5_snow_FHD,Suwon_CH10,OW5,snow,True,2,False,True,4,False,True,markings,0.652,594
Suwon_CH10_20201011_1957_SUN_9m_NH_highway_OW5_sunny_FHD__view1,2,Suwon_CH10_20201011_1957_SUN_9m_NH_highway_OW5_sunny_FHD,Suwon_CH10,OW5,sunny,True,2,False,True,4,False,True,markings,0.652,594
Suwon_CH10_20200720_2030_MON_9m_NH_highway_TW5_sunny_FHD__view0,2,Suwon_CH10_20200720_2030_MON_9m_NH_highway_TW5_sunny_FHD,Suwon_CH10,TW5,sunny,True,2,False,False,4/2,False,False,markings/markings,0.652,594
Suwon_CH10_20200721_1930_TUE_9m_NH_highway_TW5_sunny_FHD__view0,2,Suwon_CH10_20200721_1930_TUE_9m_NH_highway_TW5_sunny_FHD,Suwon_CH10,TW5,sunny,True,2,False,False,4/2,False,False,markings/markings,0.652,594
