,Group,#,exp,담당자,MODEL,크기,메모,mAP-seg(val),mAP-box(val),mAP-seg(test),mAP50-seg(test),AP_car(test),AP_bus(test),AP_truck(test),야간 mAP,악천후 mAP,터널 mAP,면적비 MAE(%p),차량 픽셀 IoU,추론속도(ms),FPS,파라미터(M),학습시간(h),epochs(실제),best_epoch,데이터셋,전처리,오버샘플링,아키텍처 수정,pretrained,freeze,imgsz,batch,epochs(설정),patience,seed,optimizer,lr0,lrf,cos_lr,momentum,weight_decay,warmup_epochs,box,cls,dfl,cls_pw,hsv_v,degrees,translate,scale,fliplr,mosaic,close_mosaic,mixup,copy_paste,mask_ratio,overlap_mask,eval_conf,pred_conf,nms_iou,TTA,후처리
,① 실험 정보,,,,,,,② 성능 지표,,,,,,,,,,,,,,,,,,③ 학습 이전,,,,,,④ 학습 하이퍼파라미터,,,,,,,,,,,,,,,,,,,,,,,,,,,⑤ 추론,,,,
YOLO26-m,yolo26m-seg_imgz1280,1,한태호26-m_0918_yolo26m-seg_img1280_20260917-2331,한태호26-m_0918,yolo26m-seg,m,yolo26m-seg_imgz1280_memo,0.6922,0.7752,0.6549,0.8455,0.6917,0.608,0.6652,0.6946,0.4348,0.6899,0.32,0.828,22.72,44,26.97,4.31,137,117,"car_seg_split (train 2,500 / val 1,000 / test 5,000)",미적용,미적용,X,TRUE,None (전부 학습),1280,16,150,20,42,AdamW,0.001,0.01,TRUE,0.937,0.0005,3,7.5,0.5,1.5,0.5,0.4,0,0.1,0.3,0.5,1,10,0,0.3,4,TRUE,0.001,0.25,0.7,X,X
YOLO11-m,yolo11m-seg_imgz1280,1,한태호11-m_0918_yolo11m-seg_img1280_20260919-0305,한태호11-m_0918,yolo11m-seg,m,yolo11m-seg_imgz1280_memo,0.6789,0.7653,0.6453,0.8412,0.6794,0.5908,0.6656,0.6818,0.4096,0.6799,0.284,0.845,22.74,44,22.36,1.87,83,75,"car_seg_split (train 2,500 / val 1,000 / test 5,000)",미적용,미적용,X,TRUE,None (전부 학습),1280,16,150,30,42,AdamW,0.0001,0.01,TRUE,0.937,0.0005,3,7.5,0.5,1.5,0.5,0.4,0,0.1,0.3,0.5,1,10,0,0.3,4,TRUE,0.001,0.25,0.7,X,X
YOLO26-S,yolo26s-seg_imgz1280,1,한태호26-s_2_0917_yolo26s-seg_img1280_20260917-1414,한태호26-s_2_0917,yolo26s-seg,s,yolo26s-seg_imgz1280_memo,0.6782,0.7626,0.6452,0.8414,0.6878,0.5886,0.6592,0.6894,0.4066,0.7211,0.346,0.823,20.17,49.6,11.44,2.05,100,86,"car_seg_split (train 2,500 / val 1,000 / test 5,000)",미적용,미적용,X,TRUE,None (전부 학습),1280,16,100,30,42,AdamW,0.001,0.01,TRUE,0.937,0.0005,3,7.5,0.5,1.5,0.5,0.4,0,0.1,0.3,0.5,1,10,0,0.3,4,TRUE,0.001,0.25,0.7,X,X
YOLO11-s,yolo11s-seg_imgz1280,2,한태호11-s_0918_yolo11s-seg_img1280_20260919-0856,한태호11-s_0918,yolo11s-seg,s,yolo11s-seg_imgz1280_memo,0.6654,0.7438,0.6376,0.8337,0.688,0.5613,0.6635,0.6854,0.448,0.6459,0.576,0.8,17.93,55.8,10.08,0.86,55,25,"car_seg_split (train 2,500 / val 1,000 / test 5,000)",미적용,미적용,X,TRUE,None (전부 학습),1280,16,150,30,42,AdamW,0.0001,0.01,TRUE,0.937,0.0005,3,7.5,0.5,1.5,0.5,0.4,0,0.1,0.3,0.5,1,10,0,0.3,4,TRUE,0.001,0.25,0.7,X,X
YOLO26-n,1280 전체 학습,1,이주희_yolo26n-seg_img1280_20260918-083210-882836,이주희,yolo26n-seg,n,"imgsz=1280, batch=4, patience=30; 원본 전체 평가 흐름",0.6514,0.7284,0.6177,0.818,0.665,0.5445,0.6437,0.6834,0.3756,0.6751,0.363678,0.814448,28.94,34.5,3.05,20.68,100,88,"car_seg_split (train 2,500 / val 1,000 / test 5,000)",미적용,미적용,X,TRUE,None (전부 학습),1280,4,100,30,42,AdamW,0.001,0.01,FALSE,0.937,0.0005,3,7.5,0.5,1.5,0,0.4,0,0.1,0.5,0.5,1,10,0,0,4,TRUE,0.001,0.25,0.7,X,X
YOLO26-n,960 전체 학습,2,이주희_yolo26n-seg_img960_20260917-173022-238546,이주희,yolo26n-seg,n,"imgsz=960, batch=8, patience=30; 원본 전체 평가 흐름",0.5861,0.7098,0.5614,0.8063,0.594,0.5005,0.5897,0.6347,0.3691,0.6154,0.4015,0.7987,25.83,38.7,3.05,12.38,100,89,"car_seg_split (train 2,500 / val 1,000 / test 5,000)",미적용,미적용,X,TRUE,None (전부 학습),960,8,100,30,42,AdamW,0.001,0.01,FALSE,0.937,0.0005,3,7.5,0.5,1.5,0,0.4,0,0.1,0.5,0.5,1,10,0,0,4,TRUE,0.001,0.25,0.7,X,X
YOLO11-n,클래스 불균형,4,전서영_yolo11n-seg_img960_20260917-2257,전서영,yolo11n-seg,n,"imgsz 640→960, batch 32→16, epochs 100→60, PATIENCE = 30, COS_LR  = True, cls_pw 0→0.5, copy_paste 0→0.2",0.5842,0.7188,0.5526,0.8043,0.5886,0.4877,0.5814,0.6196,0.4046,0.5948,0.403,0.793,26.07,38.4,2.84,9.19,60,56,"car_seg_split (train 2,500 / val 1,000 / test 5,000)",미적용,미적용,X,TRUE,None (전부 학습),960,16,60,30,42,AdamW,0.001,0.01,TRUE,0.937,0.0005,3,7.5,0.5,1.5,0.5,0.4,0,0.1,0.5,0.5,1,10,0,0.2,4,TRUE,0.001,0.25,0.7,X,X
YOLO11-n,설정2_imgsz 조정,3,전서영_yolo11n-seg_img960_20260917-0940,전서영,yolo11n-seg,n,"imgsz 640→960, batch 32→16, epochs 100→60, PATIENCE = 30, COS_LR  = True",0.5707,0.7067,0.546,0.8017,0.5862,0.4743,0.5776,0.6155,0.3752,0.5765,0.343,0.81,25.52,39.2,2.84,7.75,60,59,"car_seg_split (train 2,500 / val 1,000 / test 5,000)",미적용,미적용,X,TRUE,None (전부 학습),960,16,60,30,42,AdamW,0.001,0.01,TRUE,0.937,0.0005,3,7.5,0.5,1.5,0,0.4,0,0.1,0.5,0.5,1,10,0,0,4,TRUE,0.001,0.25,0.7,X,X
YOLO11-s,960,,,한우석,yolo11s-seg,s,,0.5603,0.7332,,0.8275,,,,,,,,,,,10.08,7.8,,,,,,,,,,,,,,,,,,,,,,,,,,,,,,,,,,,,,,,,
YOLO26-S,Baseline_imgsz960,1,한태호26-s_2_yolo26s-seg_img960_20260916-1505,한태호26-s_2,yolo26s-seg,s,기본 설정,0.4884,0.5835,0.4557,0.6793,0.5701,0.2982,0.4989,0.4563,0.2322,0.5129,0.481,0.756,21.06,47.5,Tesla T4,11.44,0.44,6,1,"car_seg_split (train 2,500 / val 1,000 / test 5,000)",미적용,미적용,X,TRUE,None (전부 학습),960,8,100,5,42,AdamW,0.001,0.01,TRUE,0.937,0.0005,3,7.5,0.5,1.5,0,0.4,0,0.1,0.3,0.5,1,15,0,0,4,TRUE,0.001,0.25,0.7,X
YOLO8-S,Baseline,2,한태호_yolov8s-seg_img640_20260915-0959,한태호,yolov8s-seg,s,기본 설정,0.4758,0.6766,0.4426,0.7552,0.4556,0.3981,0.4741,0.5243,0.289,0.4746,0.456,0.787,15.79,63.3,11.79,3.96,52,42,"car_seg_split (train 2,500 / val 1,000 / test 5,000)",미적용,미적용,X,TRUE,None (전부 학습),640,16,100,10,42,AdamW,0.001,0.01,FALSE,0.937,0.0005,3,7.5,0.5,1.5,0,0.4,0,0.1,0.5,0.5,1,10,0,0,4,TRUE,0.001,0.25,0.7,X,X
YOLO26-S,Baseline,1,한태호26-s_yolo26s-seg_img640_20260916-1708,한태호26-s,yolo26s-seg,s,기본 설정,0.4735,0.6854,0.4515,0.7727,0.4513,0.4306,0.4726,0.5239,0.3279,0.5172,0.435,0.787,17.34,57.7,11.44,3.14,78,68,"car_seg_split (train 2,500 / val 1,000 / test 5,000)",미적용,미적용,X,TRUE,None (전부 학습),640,16,100,10,42,AdamW,0.001,0.01,FALSE,0.937,0.0005,3,7.5,0.5,1.5,0,0.4,0,0.1,0.5,0.5,1,10,0,0,4,TRUE,0.001,0.25,0.7,X,X
YOLO11-s,640,,,한우석,yolo11s-seg,s,,0.468,0.6671,,,,,,,,,,,,,10.08,5.34,,,,,,,,,,,,,,,,,,,,,,,,,,,,,,,,,,,,,,,,
YOLO11-n,설정1,2,전서영_yolo11n-seg_img640_20260916-2359,전서영,yolo11n-seg,n,"patience 10→30, cos_lr on, close_mosaic 10→15",0.4567,0.6336,0.4226,0.7165,0.4474,0.3586,0.4619,0.5025,0.2994,0.4302,0.471,0.78,20.26,49.4,2.84,5.92,92,62,"car_seg_split (train 2,500 / val 1,000 / test 5,000)",미적용,미적용,X,TRUE,None (전부 학습),640,32,100,30,42,AdamW,0.001,0.01,TRUE,0.937,0.0005,3,7.5,0.5,1.5,0,0.4,0,0.1,0.5,0.5,1,15,0,0,4,TRUE,0.001,0.25,0.7,X,X
YOLO26-n,Baseline,1,이주희_yolo26n-seg_img640_20260915-1907,이주희,yolo26n-seg,n,기본 설정,0.4555,0.6378,0.4232,0.7186,0.4405,0.3731,0.4559,0.5226,0.3052,0.4404,0.45,0.773,13.77,72.6,3.05,5.86,84,84,"car_seg_split (train 2,500 / val 1,000 / test 5,000)",미적용,미적용,X,TRUE,None (전부 학습),640,32,100,10,42,AdamW,0.001,0.01,FALSE,0.937,0.0005,3,7.5,0.5,1.5,0,0.4,0,0.1,0.5,0.5,1,10,0,0,4,TRUE,0.001,0.25,0.7,X,X
YOLO26-M,640,,,한우석,yolo26m-seg,m,,0.4544,0.6764,,,,,,,,,,,,,26.97,1.49,,,,,,,,,,,,,,,,,,,,,,,,,,,,,,,,,,,,,,,,
YOLO11-n,Baseline,1,전서영_yolo11n-seg_img640_20260915-2301,전서영,yolo11n-seg,n,기본 설정,0.4469,0.6325,0.4192,0.7206,0.4472,0.3509,0.4596,0.4937,0.2941,0.4247,0.46,0.781,19.99,50,2.84,4.93,74,64,"car_seg_split (train 2,500 / val 1,000 / test 5,000)",미적용,미적용,X,TRUE,None (전부 학습),640,32,100,10,42,AdamW,0.001,0.01,FALSE,0.937,0.0005,3,7.5,0.5,1.5,0,0.4,0,0.1,0.5,0.5,1,10,0,0,4,TRUE,0.001,0.25,0.7,X,X
YOLO8-n,증강,3,권서진_yolov8n-seg_img640_20260917-1515,권서진,yolov8n-seg,n,copy_paste 0→0.3,0.4423,0.6058,0.4204,0.716,0.4638,0.3512,0.4463,0.491,0.2739,0.407,0.493,0.759,10,100,3.26,4.72,52,42,"car_seg_split (train 2,500 / val 1,000 / test 5,000)",미적용,미적용,X,TRUE,None (전부 학습),640,32,100,10,42,AdamW,0.001,0.01,FALSE,0.937,0.0005,3,7.5,0.5,1.5,0,0.4,0,0.1,0.5,0.5,1,10,0,0.3,4,TRUE,0.001,0.25,0.7,X,X
YOLO8-n,LOSS 조정,2,권서진_yolov8n-seg_img640_20260916-1317,권서진,yolov8n-seg,n,cls_pw 0→0.5 (bus 부족 보정),0.4346,0.6051,0.4033,0.6919,0.4284,0.3505,0.4311,0.494,0.2772,0.4244,0.481,0.765,10.09,99.1,3.26,1.76,40,30,"car_seg_split (train 2,500 / val 1,000 / test 5,000)",미적용,미적용,X,TRUE,None (전부 학습),640,32,100,10,42,AdamW,0.001,0.01,FALSE,0.937,0.0005,3,7.5,0.5,1.5,0.5,0.4,0,0.1,0.5,0.5,1,10,0,0,4,TRUE,0.001,0.25,0.7,X,X
YOLO8-n,Baseline,1,권서진_yolov8n-seg_img640_20260915-1955,권서진,yolov8n-seg,n,기본 설정,0.4299,0.6008,0.3998,0.6821,0.4444,0.3244,0.4306,0.4823,0.2705,0.4172,0.446,0.779,9.66,103.5,3.26,4.79,42,32,"car_seg_split (train 2,500 / val 1,000 / test 5,000)",미적용,미적용,X,TRUE,None (전부 학습),640,32,100,10,42,AdamW,0.001,0.01,FALSE,0.937,0.0005,3,7.5,0.5,1.5,0,0.4,0,0.1,0.5,0.5,1,10,0,0,4,TRUE,0.001,0.25,0.7,X,X
YOLO11-S,Baseline,1,정의진_yolo11s-seg_img640_20260915-2043_QUICK,정의진,yolo11s-seg,s,기본설정,0.1399,0.2431,0.1466,0.3102,0.2835,0.0029,0.1536,,,,6.782,0.178,89.62,11.2,10.08,1.92,3,3,car_seg_split (train 300 / val 100 / test 100),미적용,미적용,X,TRUE,None(전부학습),640,32,3,3,42,AdamW,0.001,0.01,FALSE,0.937,0.0005,1,7.5,0.5,1.5,0,0.4,0,0.1,0.5,0.5,1,10,0,0,4,TRUE,0.001,0.25,0.7,X,X