scene_id,group,frames,occ_median,v_median,delay_median,jam_share,slow_share,level_median,detour_check,lane_occ_spread_median
Buan_daemog_20201019_1730_MON_15m_NH_highway_TW2_sunny_FHD,all,126,0.0351,94.15,0.037,0.0,0.0,원활,False,
Buan_daemog_20201019_1730_MON_15m_NH_highway_TW2_sunny_FHD,away,126,0.0231,96.15,0.024,0.0,0.0,원활,False,0.0112
Buan_daemog_20201019_1730_MON_15m_NH_highway_TW2_sunny_FHD,toward,126,0.0403,93.3,0.043,0.0,0.0,원활,False,0.0247
Buan_daemog_20201020_1130_TUE_15m_NH_highway_TW2_sunny_FHD,all,98,0.0388,93.55,0.0415,0.0,0.0,원활,False,
Buan_daemog_20201020_1130_TUE_15m_NH_highway_TW2_sunny_FHD,away,98,0.0409,93.2,0.0435,0.0,0.0,원활,False,0.0228
Buan_daemog_20201020_1130_TUE_15m_NH_highway_TW2_sunny_FHD,toward,98,0.0308,94.85,0.033,0.0,0.0,원활,False,0.0133
Buan_daemog_20201020_1630_TUE_15m_NH_highway_TW2_sunny_FHD__view0,all,74,0.0488,91.9,0.053,0.0,0.0,원활,False,
Buan_daemog_20201020_1630_TUE_15m_NH_highway_TW2_sunny_FHD__view0,away,74,0.05,91.7,0.0545,0.0,0.0,원활,False,0.038
Buan_daemog_20201020_1630_TUE_15m_NH_highway_TW2_sunny_FHD__view0,toward,74,0.042,93.0,0.045,0.0,0.0,원활,False,0.0317
Buan_daemog_20201020_1630_TUE_15m_NH_highway_TW2_sunny_FHD__view1,all,51,0.0401,93.3,0.043,0.0,0.0,원활,False,
Buan_daemog_20201020_1630_TUE_15m_NH_highway_TW2_sunny_FHD__view1,away,51,0.0328,94.5,0.035,0.0,0.0,원활,False,0.0179
Buan_daemog_20201020_1630_TUE_15m_NH_highway_TW2_sunny_FHD__view1,toward,51,0.0436,92.7,0.047,0.0,0.0,원활,False,0.0393
Buan_dongjisan_20201021_0800_WED_15m_NH_highway_TW2_sunny_FHD,all,65,0.0261,95.6,0.028,0.0,0.0,원활,False,
Buan_dongjisan_20201021_0800_WED_15m_NH_highway_TW2_sunny_FHD,away,65,0.0241,96.0,0.025,0.0,0.0,원활,False,0.0079
Buan_dongjisan_20201021_0800_WED_15m_NH_highway_TW2_sunny_FHD,toward,65,0.0308,94.9,0.032,0.0,0.0,원활,False,0.039
Buan_dongjisan_20201021_1300_WED_15m_NH_highway_TW2_sunny_FHD,all,76,0.0292,95.1,0.031,0.0,0.0,원활,False,
Buan_dongjisan_20201021_1300_WED_15m_NH_highway_TW2_sunny_FHD,away,76,0.0353,94.1,0.038,0.0,0.0,원활,False,0.0215
Buan_dongjisan_20201021_1300_WED_15m_NH_highway_TW2_sunny_FHD,toward,76,0.0204,96.6,0.021,0.0,0.0,원활,False,0.0338
Buan_jongsin_20201019_1600_MON_15m_NH_highway_TW2_sunny_FHD,all,83,0.0463,92.3,0.05,0.0,0.0,원활,False,
Buan_jongsin_20201019_1600_MON_15m_NH_highway_TW2_sunny_FHD,away,83,0.0364,93.9,0.039,0.0,0.0,원활,False,0.0117
Buan_jongsin_20201019_1600_MON_15m_NH_highway_TW2_sunny_FHD,toward,83,0.0548,90.9,0.06,0.0,0.0,원활,False,0.0281
Buan_jongsin_20201020_1130_TUE_15m_NH_highway_TW2_sunny_FHD,all,97,0.0413,93.1,0.044,0.0,0.0,원활,False,
Buan_jongsin_20201020_1130_TUE_15m_NH_highway_TW2_sunny_FHD,away,97,0.052,91.3,0.057,0.0,0.0309,원활,False,0.0474
Buan_jongsin_20201020_1130_TUE_15m_NH_highway_TW2_sunny_FHD,toward,97,0.0271,95.5,0.028,0.0,0.0,원활,False,0.051
Buan_jongsin_20201020_1630_TUE_15m_NH_highway_TW2_sunny_FHD__view0,all,60,0.1158,80.7,0.143,0.0,0.4667,원활,False,
Buan_jongsin_20201020_1630_TUE_15m_NH_highway_TW2_sunny_FHD__view0,away,60,0.0912,84.8,0.108,0.0,0.3,원활,False,0.012
Buan_jongsin_20201020_1630_TUE_15m_NH_highway_TW2_sunny_FHD__view0,toward,60,0.1322,78.0,0.169,0.0,0.6833,서행,False,0.0555
Buan_jongsin_20201020_1630_TUE_15m_NH_highway_TW2_sunny_FHD__view1,all,35,0.0414,93.1,0.044,0.0,0.0,원활,False,
Buan_jongsin_20201020_1630_TUE_15m_NH_highway_TW2_sunny_FHD__view1,away,35,0.0492,91.8,0.054,0.0,0.0,원활,False,0.021
Buan_jongsin_20201020_1630_TUE_15m_NH_highway_TW2_sunny_FHD__view1,toward,35,0.036,94.0,0.038,0.0,0.0,원활,False,0.0605
Buan_jongsin_20201021_1030_WED_15m_NH_highway_TW2_sunny_FHD,all,122,0.0725,87.95,0.0825,0.0,0.0082,원활,False,
Buan_jongsin_20201021_1030_WED_15m_NH_highway_TW2_sunny_FHD,away,122,0.0288,95.2,0.03,0.0,0.0,원활,False,0.0159
Buan_jongsin_20201021_1030_WED_15m_NH_highway_TW2_sunny_FHD,toward,122,0.144,76.0,0.1895,0.0,0.7213,서행,False,0.0
Buan_jongsin_20201021_1530_WED_15m_NH_highway_TW2_rainy_FHD,all,105,0.0579,90.4,0.064,0.0,0.0,원활,False,
Buan_jongsin_20201021_1530_WED_15m_NH_highway_TW2_rainy_FHD,away,105,0.1246,79.2,0.158,0.0,0.5524,서행,False,0.0
Buan_jongsin_20201021_1530_WED_15m_NH_highway_TW2_rainy_FHD,toward,105,0.0296,95.1,0.031,0.0,0.0,원활,False,0.0496
Buan_soju2brdg_20201020_0800_TUE_15m_NH_highway_TW2_fog_FHD,all,88,0.0252,95.8,0.026,0.0,0.0,원활,False,
Buan_soju2brdg_20201020_0800_TUE_15m_NH_highway_TW2_fog_FHD,away,88,0.0151,97.5,0.015,0.0,0.0,원활,False,0.0157
Buan_soju2brdg_20201020_0800_TUE_15m_NH_highway_TW2_fog_FHD,toward,88,0.0266,95.55,0.028,0.0,0.0,원활,False,0.0206
Buan_soju2brdg_20201020_1300_TUE_15m_NH_highway_TW2_sunny_FHD,all,96,0.0928,84.5,0.11,0.0,0.1354,원활,False,
Buan_soju2brdg_20201020_1300_TUE_15m_NH_highway_TW2_sunny_FHD,away,96,0.1066,82.25,0.1295,0.0,0.3125,원활,False,0.1169
Buan_soju2brdg_20201020_1300_TUE_15m_NH_highway_TW2_sunny_FHD,toward,96,0.0592,90.15,0.0655,0.0,0.0,원활,False,0.0771
Buan_soju2brdg_20201021_0830_WED_15m_NH_highway_TW2_sunny_FHD__view0,all,73,0.0619,89.7,0.069,0.0,0.0,원활,False,
Buan_soju2brdg_20201021_0830_WED_15m_NH_highway_TW2_sunny_FHD__view0,away,73,0.0442,92.6,0.048,0.0,0.0,원활,False,0.0522
Buan_soju2brdg_20201021_0830_WED_15m_NH_highway_TW2_sunny_FHD__view0,toward,73,0.0824,86.3,0.095,0.0,0.0274,원활,False,0.0727
Buan_soju2brdg_20201021_0830_WED_15m_NH_highway_TW2_sunny_FHD__view1,all,17,0.0297,95.0,0.032,0.0,0.0,원활,False,
Buan_soju2brdg_20201021_0830_WED_15m_NH_highway_TW2_sunny_FHD__view1,away,17,0.0334,94.4,0.036,0.0,0.0,원활,False,0.0467
Buan_soju2brdg_20201021_0830_WED_15m_NH_highway_TW2_sunny_FHD__view1,toward,17,0.0209,96.5,0.022,0.0,0.0,원활,False,0.0377
Buan_soju2brdg_20201021_1330_WED_15m_NH_highway_TW2_sunny_FHD,all,86,0.0805,86.6,0.093,0.0,0.0,원활,False,
Buan_soju2brdg_20201021_1330_WED_15m_NH_highway_TW2_sunny_FHD,away,86,0.0599,90.0,0.0665,0.0,0.0,원활,False,0.0878
Buan_soju2brdg_20201021_1330_WED_15m_NH_highway_TW2_sunny_FHD,toward,86,0.0915,84.75,0.108,0.0,0.0581,원활,False,0.0381
Buan_yeji_20201019_1600_MON_15m_NH_highway_TW2_sunny_FHD,all,69,0.0216,96.4,0.022,0.0,0.0,원활,False,
Buan_yeji_20201019_1600_MON_15m_NH_highway_TW2_sunny_FHD,away,69,0.0218,96.4,0.022,0.0,0.0,원활,False,0.0
Buan_yeji_20201019_1600_MON_15m_NH_highway_TW2_sunny_FHD,toward,69,0.0173,97.1,0.018,0.0,0.0,원활,False,0.0302
Buan_yeji_20201020_1100_TUE_15m_NH_highway_TW2_sunny_FHD,all,44,0.0141,97.6,0.015,0.0,0.0,원활,False,
Buan_yeji_20201020_1100_TUE_15m_NH_highway_TW2_sunny_FHD,away,44,0.0071,98.8,0.007,0.0,0.0,원활,False,0.0172
Buan_yeji_20201020_1100_TUE_15m_NH_highway_TW2_sunny_FHD,toward,44,0.0202,96.65,0.0205,0.0,0.0,원활,False,0.0106
Buan_yeji_20201021_0730_WED_15m_NH_highway_TW2_sunny_FHD,all,47,0.0157,97.4,0.016,0.0,0.0,원활,False,
Buan_yeji_20201021_0730_WED_15m_NH_highway_TW2_sunny_FHD,away,47,0.0282,95.3,0.03,0.0,0.0,원활,False,0.0
Buan_yeji_20201021_0730_WED_15m_NH_highway_TW2_sunny_FHD,toward,47,0.0079,98.7,0.008,0.0,0.0,원활,False,0.0182
Buan_yeji_20201021_1230_WED_15m_NH_highway_TW2_sunny_FHD__view0,all,47,0.0201,96.7,0.02,0.0,0.0,원활,False,
Buan_yeji_20201021_1230_WED_15m_NH_highway_TW2_sunny_FHD__view0,away,47,0.0221,96.3,0.023,0.0,0.0,원활,False,0.0
Buan_yeji_20201021_1230_WED_15m_NH_highway_TW2_sunny_FHD__view0,toward,47,0.0175,97.1,0.018,0.0,0.0,원활,False,0.0312
Buan_yeji_20201021_1230_WED_15m_NH_highway_TW2_sunny_FHD__view1,all,29,0.0249,95.9,0.026,0.0,0.0,원활,False,
Buan_yeji_20201021_1230_WED_15m_NH_highway_TW2_sunny_FHD__view1,away,29,0.0195,96.8,0.02,0.0,0.0,원활,False,0.0416
Buan_yeji_20201021_1230_WED_15m_NH_highway_TW2_sunny_FHD__view1,toward,29,0.0335,94.4,0.036,0.0,0.0,원활,False,0.0207
Buan_yeji_20201021_1730_WED_15m_NH_highway_TW2_rainy_FHD,all,66,0.0102,98.3,0.01,0.0,0.0,원활,False,
Buan_yeji_20201021_1730_WED_15m_NH_highway_TW2_rainy_FHD,away,66,0.0099,98.3,0.01,0.0,0.0,원활,False,0.018
Buan_yeji_20201021_1730_WED_15m_NH_highway_TW2_rainy_FHD,toward,66,0.0045,99.3,0.004,0.0,0.0,원활,False,0.0058
Buan_yulchon_20201020_1100_TUE_15m_NH_highway_TW2_sunny_FHD__view0,all,48,0.0243,95.95,0.0255,0.0,0.0,원활,False,
Buan_yulchon_20201020_1100_TUE_15m_NH_highway_TW2_sunny_FHD__view0,away,48,0.0306,94.9,0.032,0.0,0.0,원활,False,0.0292
Buan_yulchon_20201020_1100_TUE_15m_NH_highway_TW2_sunny_FHD__view0,toward,48,0.0097,98.4,0.01,0.0,0.0,원활,False,0.007
Buan_yulchon_20201020_1100_TUE_15m_NH_highway_TW2_sunny_FHD__view1,all,28,0.0284,95.3,0.0295,0.0,0.0,원활,False,
Buan_yulchon_20201020_1100_TUE_15m_NH_highway_TW2_sunny_FHD__view1,away,28,0.034,94.3,0.036,0.0,0.0,원활,False,0.0403
Buan_yulchon_20201020_1100_TUE_15m_NH_highway_TW2_sunny_FHD__view1,toward,28,0.0143,97.6,0.0145,0.0,0.0,원활,False,0.0147
Buan_yulchon_20201020_1600_TUE_15m_NH_highway_TW2_sunny_FHD,all,81,0.0133,97.8,0.013,0.0,0.0,원활,False,
Buan_yulchon_20201020_1600_TUE_15m_NH_highway_TW2_sunny_FHD,away,81,0.0102,98.3,0.01,0.0,0.0,원활,False,0.0094
Buan_yulchon_20201020_1600_TUE_15m_NH_highway_TW2_sunny_FHD,toward,81,0.0137,97.7,0.014,0.0,0.0,원활,False,0.0134
Buan_yulchon_20201021_1000_WED_15m_NH_highway_TW2_sunny_FHD,all,76,0.0157,97.4,0.016,0.0,0.0,원활,False,
Buan_yulchon_20201021_1000_WED_15m_NH_highway_TW2_sunny_FHD,away,76,0.0159,97.3,0.017,0.0,0.0,원활,False,0.0111
Buan_yulchon_20201021_1000_WED_15m_NH_highway_TW2_sunny_FHD,toward,76,0.0164,97.25,0.017,0.0,0.0,원활,False,0.0228
Buan_yulchon_20201021_1500_WED_15m_NH_highway_TW2_sunny_FHD,all,67,0.0107,98.2,0.011,0.0,0.0,원활,False,
Buan_yulchon_20201021_1500_WED_15m_NH_highway_TW2_sunny_FHD,away,67,0.0072,98.8,0.007,0.0,0.0,원활,False,0.0101
Buan_yulchon_20201021_1500_WED_15m_NH_highway_TW2_sunny_FHD,toward,67,0.0096,98.4,0.01,0.0,0.0,원활,False,0.0094
Busan_busanportbrdg1_20201027_1430_TUE_8m_NH_highway_TW2_sunny_FHD,all,86,0.0327,94.5,0.035,0.0,0.0,원활,False,
Busan_busanportbrdg1_20201027_1430_TUE_8m_NH_highway_TW2_sunny_FHD,away,86,0.0297,95.1,0.031,0.0,0.0,원활,False,0.0631
Busan_busanportbrdg1_20201027_1430_TUE_8m_NH_highway_TW2_sunny_FHD,toward,86,0.0288,95.2,0.0305,0.0,0.0,원활,False,0.0226
Busan_busanportbrdg1_20201028_1300_TUE_8m_NH_highway_TW2_sunny_FHD,all,67,0.0367,93.9,0.039,0.0,0.0,원활,False,
Busan_busanportbrdg1_20201028_1300_TUE_8m_NH_highway_TW2_sunny_FHD,away,67,0.0308,94.9,0.032,0.0,0.0,원활,False,0.0483
Busan_busanportbrdg1_20201028_1300_TUE_8m_NH_highway_TW2_sunny_FHD,toward,67,0.0442,92.6,0.048,0.0,0.0,원활,False,0.0342
Busan_busanportbrdg1_20201029_1330_THU_8m_NH_highway_TW2_sunny_FHD,all,92,0.0374,93.8,0.04,0.0,0.0,원활,False,
Busan_busanportbrdg1_20201029_1330_THU_8m_NH_highway_TW2_sunny_FHD,away,92,0.0272,95.45,0.0285,0.0,0.0,원활,False,0.0569
Busan_busanportbrdg1_20201029_1330_THU_8m_NH_highway_TW2_sunny_FHD,toward,92,0.0465,92.25,0.05,0.0,0.0,원활,False,0.0269
Busan_busanportbrdg1_20201119_1230_THU_8m_NH_highway_TW2_rainy_FHD,all,106,0.0336,94.4,0.0355,0.0,0.0,원활,False,
Busan_busanportbrdg1_20201119_1230_THU_8m_NH_highway_TW2_rainy_FHD,away,106,0.021,96.5,0.022,0.0,0.0,원활,False,0.0471
Busan_busanportbrdg1_20201119_1230_THU_8m_NH_highway_TW2_rainy_FHD,toward,106,0.0383,93.6,0.041,0.0,0.0849,원활,False,0.0141
Busan_busanportbrdg2_20201027_1630_TUE_8m_NH_highway_TW3_sunny_FHD,all,92,0.0531,91.15,0.0585,0.0,0.0,원활,False,
Busan_busanportbrdg2_20201027_1630_TUE_8m_NH_highway_TW3_sunny_FHD,away,92,0.0667,88.85,0.0755,0.0,0.0,원활,False,0.0833
Busan_busanportbrdg2_20201027_1630_TUE_8m_NH_highway_TW3_sunny_FHD,toward,92,0.0467,92.2,0.051,0.0,0.0,원활,False,0.026
Busan_busanportbrdg2_20201028_1400_TUE_8m_NH_highway_TW3_sunny_FHD,all,101,0.0571,90.5,0.063,0.0,0.0,원활,False,
Busan_busanportbrdg2_20201028_1400_TUE_8m_NH_highway_TW3_sunny_FHD,away,101,0.0462,92.3,0.05,0.0,0.0,원활,False,0.0501
Busan_busanportbrdg2_20201028_1400_TUE_8m_NH_highway_TW3_sunny_FHD,toward,101,0.0676,88.7,0.076,0.0,0.0,원활,False,0.0388
Busan_busanportbrdg2_20201029_1130_THU_8m_NH_highway_TW3_sunny_FHD,all,126,0.0518,91.35,0.0565,0.0,0.0,원활,False,
Busan_busanportbrdg2_20201029_1130_THU_8m_NH_highway_TW3_sunny_FHD,away,126,0.039,93.5,0.042,0.0,0.0,원활,False,0.0406
Busan_busanportbrdg2_20201029_1130_THU_8m_NH_highway_TW3_sunny_FHD,toward,126,0.0585,90.3,0.064,0.0,0.0,원활,False,0.0382
Busan_busanportbrdg2_20201029_1630_THU_8m_NH_highway_TW3_sunny_FHD,all,98,0.0598,90.05,0.0665,0.0,0.0,원활,False,
Busan_busanportbrdg2_20201029_1630_THU_8m_NH_highway_TW3_sunny_FHD,away,98,0.094,84.35,0.1115,0.0,0.1122,원활,False,0.1219
Busan_busanportbrdg2_20201029_1630_THU_8m_NH_highway_TW3_sunny_FHD,toward,98,0.0449,92.5,0.049,0.0,0.0,원활,False,0.0311
Busan_busanportbrdg3_20201027_1300_TUE_8m_NH_highway_TW3_sunny_FHD,all,97,0.0356,94.1,0.038,0.0,0.0,원활,False,
Busan_busanportbrdg3_20201027_1300_TUE_8m_NH_highway_TW3_sunny_FHD,away,97,0.0342,94.3,0.036,0.0,0.0,원활,False,0.0335
Busan_busanportbrdg3_20201027_1300_TUE_8m_NH_highway_TW3_sunny_FHD,toward,97,0.0424,92.9,0.046,0.0,0.0,원활,False,0.0456
Busan_busanportbrdg3_20201028_1100_TUE_8m_NH_highway_TW3_sunny_FHD,all,98,0.0428,92.9,0.046,0.0,0.0,원활,False,
Busan_busanportbrdg3_20201028_1100_TUE_8m_NH_highway_TW3_sunny_FHD,away,98,0.0406,93.2,0.044,0.0,0.0,원활,False,0.056
Busan_busanportbrdg3_20201028_1100_TUE_8m_NH_highway_TW3_sunny_FHD,toward,98,0.0416,93.05,0.0445,0.0,0.0,원활,False,0.0574
Busan_busanportbrdg3_20201028_1600_TUE_8m_NH_highway_TW3_sunny_FHD,all,96,0.0401,93.3,0.043,0.0,0.0,원활,False,
Busan_busanportbrdg3_20201028_1600_TUE_8m_NH_highway_TW3_sunny_FHD,away,96,0.0295,95.1,0.031,0.0,0.0,원활,False,0.0329
Busan_busanportbrdg3_20201028_1600_TUE_8m_NH_highway_TW3_sunny_FHD,toward,96,0.0611,89.85,0.0675,0.0,0.0,원활,False,0.062
Busan_busanportbrdg3_20201029_1330_THU_8m_NH_highway_TW3_sunny_FHD,all,124,0.0407,93.2,0.044,0.0,0.0,원활,False,
Busan_busanportbrdg3_20201029_1330_THU_8m_NH_highway_TW3_sunny_FHD,away,124,0.0385,93.6,0.041,0.0,0.0,원활,False,0.0371
Busan_busanportbrdg3_20201029_1330_THU_8m_NH_highway_TW3_sunny_FHD,toward,124,0.0471,92.15,0.051,0.0,0.0,원활,False,0.0609
Busan_busanportbrdg3_20201119_1030_THU_8m_NH_highway_TW3_rainy_FHD,all,95,0.0402,93.3,0.043,0.0,0.0,원활,False,
Busan_busanportbrdg3_20201119_1030_THU_8m_NH_highway_TW3_rainy_FHD,away,95,0.0432,92.8,0.047,0.0,0.0,원활,False,0.0527
Busan_busanportbrdg3_20201119_1030_THU_8m_NH_highway_TW3_rainy_FHD,toward,95,0.0326,94.6,0.034,0.0,0.0,원활,False,0.0424
Busan_busanportbrdg4_20201027_1530_TUE_8m_NH_highway_TW3_sunny_FHD,all,93,0.0345,94.2,0.037,0.0,0.0,원활,False,
Busan_busanportbrdg4_20201027_1530_TUE_8m_NH_highway_TW3_sunny_FHD,away,93,0.0238,96.0,0.025,0.0,0.0,원활,False,0.0434
Busan_busanportbrdg4_20201027_1530_TUE_8m_NH_highway_TW3_sunny_FHD,toward,93,0.0606,89.9,0.067,0.0,0.0,원활,False,0.0367
Busan_busanportbrdg4_20201028_1300_TUE_8m_NH_highway_TW3_sunny_FHD,all,102,0.0278,95.4,0.029,0.0,0.0,원활,False,
Busan_busanportbrdg4_20201028_1300_TUE_8m_NH_highway_TW3_sunny_FHD,away,102,0.0252,95.8,0.026,0.0,0.0,원활,False,0.046
Busan_busanportbrdg4_20201028_1300_TUE_8m_NH_highway_TW3_sunny_FHD,toward,102,0.0315,94.75,0.0335,0.0,0.0,원활,False,0.0237
Busan_busanportbrdg4_20201029_0930_THU_8m_NH_highway_TW3_sunny_FHD,all,93,0.0506,91.6,0.055,0.0,0.0,원활,False,
Busan_busanportbrdg4_20201029_0930_THU_8m_NH_highway_TW3_sunny_FHD,away,93,0.048,92.0,0.052,0.0,0.0,원활,False,0.0854
Busan_busanportbrdg4_20201029_0930_THU_8m_NH_highway_TW3_sunny_FHD,toward,93,0.0496,91.7,0.054,0.0,0.0,원활,False,0.018
Busan_busanportbrdg4_20201029_1430_THU_8m_NH_highway_TW3_sunny_FHD,all,99,0.0317,94.7,0.034,0.0,0.0,원활,False,
Busan_busanportbrdg4_20201029_1430_THU_8m_NH_highway_TW3_sunny_FHD,away,99,0.0281,95.3,0.03,0.0,0.0,원활,False,0.052
Busan_busanportbrdg4_20201029_1430_THU_8m_NH_highway_TW3_sunny_FHD,toward,99,0.0435,92.7,0.047,0.0,0.0,원활,False,0.0164
Busan_busanportbrdg4_20201119_1130_THU_8m_NH_highway_TW3_rainy_FHD,all,114,0.0211,96.5,0.022,0.0,0.0,원활,False,
Busan_busanportbrdg4_20201119_1130_THU_8m_NH_highway_TW3_rainy_FHD,away,114,0.0094,98.4,0.01,0.0,0.0,원활,False,0.0299
Busan_busanportbrdg4_20201119_1130_THU_8m_NH_highway_TW3_rainy_FHD,toward,114,0.0452,92.5,0.049,0.0,0.0,원활,False,0.0275
Busan_busanportbrdg5_20201027_1530_TUE_8m_NH_highway_TW3_sunny_FHD,all,127,0.0401,93.3,0.043,0.0,0.0,원활,False,
Busan_busanportbrdg5_20201027_1530_TUE_8m_NH_highway_TW3_sunny_FHD,away,127,0.038,93.7,0.04,0.0,0.0,원활,False,0.0432
Busan_busanportbrdg5_20201027_1530_TUE_8m_NH_highway_TW3_sunny_FHD,toward,127,0.043,92.8,0.047,0.0,0.0,원활,False,0.0216
Busan_busanportbrdg5_20201029_0930_THU_8m_NH_highway_TW3_sunny_FHD,all,95,0.0448,92.5,0.049,0.0,0.0,원활,False,
Busan_busanportbrdg5_20201029_0930_THU_8m_NH_highway_TW3_sunny_FHD,away,95,0.0332,94.5,0.035,0.0,0.0,원활,False,0.0393
Busan_busanportbrdg5_20201029_0930_THU_8m_NH_highway_TW3_sunny_FHD,toward,95,0.0514,91.4,0.056,0.0,0.0,원활,False,0.0217
Busan_busanportbrdg5_20201029_1430_THU_8m_NH_highway_TW3_sunny_FHD,all,101,0.0431,92.8,0.047,0.0,0.0,원활,False,
Busan_busanportbrdg5_20201029_1430_THU_8m_NH_highway_TW3_sunny_FHD,away,101,0.0386,93.6,0.041,0.0,0.0,원활,False,0.0374
Busan_busanportbrdg5_20201029_1430_THU_8m_NH_highway_TW3_sunny_FHD,toward,101,0.0446,92.6,0.048,0.0,0.0,원활,False,0.0196
Busan_busanportbrdg5_20201119_1100_THU_8m_NH_highway_TW3_rainy_FHD,all,87,0.0232,96.1,0.024,0.0,0.0,원활,False,
Busan_busanportbrdg5_20201119_1100_THU_8m_NH_highway_TW3_rainy_FHD,away,87,0.0352,94.1,0.038,0.0,0.0,원활,False,0.0495
Busan_busanportbrdg5_20201119_1100_THU_8m_NH_highway_TW3_rainy_FHD,toward,87,0.0127,97.9,0.013,0.0,0.0,원활,False,0.0161
Busan_busanportbrdg6_20201027_1500_TUE_8m_NH_highway_TW3_sunny_FHD,all,92,0.0396,93.4,0.0425,0.0,0.0,원활,False,
Busan_busanportbrdg6_20201027_1500_TUE_8m_NH_highway_TW3_sunny_FHD,away,92,0.0281,95.3,0.03,0.0,0.0,원활,False,0.0326
Busan_busanportbrdg6_20201027_1500_TUE_8m_NH_highway_TW3_sunny_FHD,toward,92,0.0429,92.85,0.0465,0.0,0.0,원활,False,0.0674
Busan_busanportbrdg6_20201028_1330_TUE_8m_NH_highway_TW3_sunny_FHD,all,126,0.0315,94.75,0.0335,0.0,0.0,원활,False,
Busan_busanportbrdg6_20201028_1330_TUE_8m_NH_highway_TW3_sunny_FHD,away,126,0.0302,94.95,0.032,0.0,0.0,원활,False,0.03
Busan_busanportbrdg6_20201028_1330_TUE_8m_NH_highway_TW3_sunny_FHD,toward,126,0.0303,94.9,0.032,0.0,0.0,원활,False,0.0362
Busan_busanportbrdg6_20201029_1000_THU_8m_NH_highway_TW3_sunny_FHD,all,88,0.0282,95.3,0.03,0.0,0.0,원활,False,
Busan_busanportbrdg6_20201029_1000_THU_8m_NH_highway_TW3_sunny_FHD,away,88,0.0405,93.3,0.043,0.0,0.0,원활,False,0.0419
Busan_busanportbrdg6_20201029_1000_THU_8m_NH_highway_TW3_sunny_FHD,toward,88,0.0233,96.15,0.024,0.0,0.0,원활,False,0.0384
Busan_busanportbrdg6_20201029_1500_THU_8m_NH_highway_TW3_sunny_FHD,all,99,0.0442,92.6,0.048,0.0,0.0,원활,False,
Busan_busanportbrdg6_20201029_1500_THU_8m_NH_highway_TW3_sunny_FHD,away,99,0.025,95.8,0.026,0.0,0.0,원활,False,0.0267
Busan_busanportbrdg6_20201029_1500_THU_8m_NH_highway_TW3_sunny_FHD,toward,99,0.0526,91.2,0.058,0.0,0.0,원활,False,0.0699
Busan_busanportbrdg6_20201119_1230_THU_8m_NH_highway_TW3_rainy_FHD,all,90,0.031,94.85,0.0325,0.0,0.0,원활,False,
Busan_busanportbrdg6_20201119_1230_THU_8m_NH_highway_TW3_rainy_FHD,away,90,0.0311,94.8,0.033,0.0,0.0,원활,False,0.0383
Busan_busanportbrdg6_20201119_1230_THU_8m_NH_highway_TW3_rainy_FHD,toward,90,0.0266,95.55,0.028,0.0,0.0,원활,False,0.0589
Cheonan_gangjeong_20201019_1730_MON_15m_NH_highway_TW3_sunny_FHD,all,108,0.122,79.7,0.153,0.0,0.6019,서행,False,
Cheonan_gangjeong_20201019_1730_MON_15m_NH_highway_TW3_sunny_FHD,away,108,0.1122,81.3,0.138,0.0,0.3241,원활,False,0.0492
Cheonan_gangjeong_20201019_1730_MON_15m_NH_highway_TW3_sunny_FHD,toward,108,0.1259,79.0,0.1595,0.0,0.6852,서행,False,0.0667
Cheonan_gangjeong_20201020_1400_TUE_15m_NH_highway_TW3_sunny_FHD,all,97,0.158,73.7,0.214,0.0,0.9897,서행,False,
Cheonan_gangjeong_20201020_1400_TUE_15m_NH_highway_TW3_sunny_FHD,away,97,0.1287,78.5,0.164,0.0,0.6701,서행,False,0.065
Cheonan_gangjeong_20201020_1400_TUE_15m_NH_highway_TW3_sunny_FHD,toward,97,0.1823,69.6,0.262,0.0,1.0,서행,False,0.1186
Cheonan_gangjeong_20201021_0830_WED_15m_NH_highway_TW3_sunny_FHD,all,129,0.1025,82.9,0.124,0.0,0.0465,원활,False,
Cheonan_gangjeong_20201021_0830_WED_15m_NH_highway_TW3_sunny_FHD,away,129,0.0995,83.4,0.119,0.0,0.0543,원활,False,0.1734
Cheonan_gangjeong_20201021_0830_WED_15m_NH_highway_TW3_sunny_FHD,toward,129,0.1028,82.9,0.124,0.0,0.2016,원활,False,0.1477
Cheonan_gangjeong_20201021_1330_WED_15m_NH_highway_TW3_sunny_FHD,all,97,0.1385,76.9,0.18,0.0,0.9485,서행,False,
Cheonan_gangjeong_20201021_1330_WED_15m_NH_highway_TW3_sunny_FHD,away,97,0.0991,83.5,0.119,0.0,0.0206,원활,False,0.0517
Cheonan_gangjeong_20201021_1330_WED_15m_NH_highway_TW3_sunny_FHD,toward,97,0.1716,71.4,0.24,0.0,1.0,서행,False,0.1156
Cheonan_ogsan_20201019_1630_MON_15m_RH_highway_TW3_sunny_FHD,all,82,0.0477,92.05,0.0515,0.0,0.0,원활,False,
Cheonan_ogsan_20201019_1630_MON_15m_RH_highway_TW3_sunny_FHD,away,82,0.0624,89.6,0.07,0.0,0.0,원활,False,0.0274
Cheonan_ogsan_20201019_1630_MON_15m_RH_highway_TW3_sunny_FHD,toward,82,0.0443,92.6,0.048,0.0,0.0,원활,False,0.1015
Cheonan_ogsan_20201020_1100_TUE_15m_RH_highway_TW3_sunny_FHD,all,120,0.0516,91.4,0.056,0.0,0.0,원활,False,
Cheonan_ogsan_20201020_1100_TUE_15m_RH_highway_TW3_sunny_FHD,away,120,0.0712,88.1,0.081,0.0,0.0,원활,False,0.0374
Cheonan_ogsan_20201020_1100_TUE_15m_RH_highway_TW3_sunny_FHD,toward,120,0.0444,92.6,0.048,0.0,0.0,원활,False,0.1138
Cheonan_ogsan_20201020_1600_TUE_15m_RH_highway_TW3_sunny_FHD,all,94,0.0482,92.0,0.052,0.0,0.0,원활,False,
Cheonan_ogsan_20201020_1600_TUE_15m_RH_highway_TW3_sunny_FHD,away,94,0.0604,89.95,0.067,0.0,0.0,원활,False,0.0339
Cheonan_ogsan_20201020_1600_TUE_15m_RH_highway_TW3_sunny_FHD,toward,94,0.045,92.5,0.0485,0.0,0.0,원활,False,0.1
Cheonan_ogsan_20201021_1000_WED_15m_RH_highway_TW3_sunny_FHD,all,94,0.0632,89.5,0.07,0.0,0.0,원활,False,
Cheonan_ogsan_20201021_1000_WED_15m_RH_highway_TW3_sunny_FHD,away,94,0.0706,88.2,0.08,0.0,0.0,원활,False,0.0324
Cheonan_ogsan_20201021_1000_WED_15m_RH_highway_TW3_sunny_FHD,toward,94,0.06,90.0,0.067,0.0,0.0,원활,False,0.1297
Cheonan_ogsan_20201021_1500_WED_15m_NH_highway_TW3_sunny_FHD,all,104,0.0518,91.4,0.056,0.0,0.0,원활,False,
Cheonan_ogsan_20201021_1500_WED_15m_NH_highway_TW3_sunny_FHD,away,104,0.0693,88.45,0.0785,0.0,0.0,원활,False,0.0395
Cheonan_ogsan_20201021_1500_WED_15m_NH_highway_TW3_sunny_FHD,toward,104,0.0449,92.5,0.049,0.0,0.0,원활,False,0.1151
Cheonan_sajeong_20201019_1730_MON_15m_NH_highway_TW3_sunny_FHD,all,120,0.0612,89.8,0.068,0.0,0.0,원활,False,
Cheonan_sajeong_20201019_1730_MON_15m_NH_highway_TW3_sunny_FHD,away,120,0.0774,87.1,0.089,0.0,0.0,원활,False,0.0676
Cheonan_sajeong_20201019_1730_MON_15m_NH_highway_TW3_sunny_FHD,toward,120,0.0364,93.95,0.0385,0.0,0.0,원활,False,0.055
Cheonan_sajeong_20201020_1330_TUE_15m_NH_highway_TW3_sunny_FHD,all,96,0.074,87.65,0.0845,0.0,0.0,원활,False,
Cheonan_sajeong_20201020_1330_TUE_15m_NH_highway_TW3_sunny_FHD,away,96,0.0862,85.6,0.101,0.0,0.0104,원활,False,0.0645
Cheonan_sajeong_20201020_1330_TUE_15m_NH_highway_TW3_sunny_FHD,toward,96,0.0472,92.15,0.051,0.0,0.0,원활,False,0.0725
Cheonan_sajeong_20201021_0730_WED_15m_NH_highway_TW3_sunny_FHD,all,94,0.0515,91.4,0.056,0.0,0.0,원활,False,
Cheonan_sajeong_20201021_0730_WED_15m_NH_highway_TW3_sunny_FHD,away,94,0.0548,90.85,0.0605,0.0,0.0,원활,False,0.0346
Cheonan_sajeong_20201021_0730_WED_15m_NH_highway_TW3_sunny_FHD,toward,94,0.0452,92.5,0.049,0.0,0.0,원활,False,0.0599
Cheonan_sajeong_20201021_1330_WED_15m_NH_highway_TW3_sunny_FHD,all,96,0.0709,88.2,0.08,0.0,0.0,원활,False,
Cheonan_sajeong_20201021_1330_WED_15m_NH_highway_TW3_sunny_FHD,away,96,0.0823,86.3,0.095,0.0,0.0312,원활,False,0.0789
Cheonan_sajeong_20201021_1330_WED_15m_NH_highway_TW3_sunny_FHD,toward,96,0.0501,91.65,0.0545,0.0,0.0,원활,False,0.079
Cheonan_seongnam2_20201019_1630_MON_10m_RH_highway_TW3_sunny_FHD,all,87,0.0799,86.7,0.092,0.0,0.0,원활,False,
Cheonan_seongnam2_20201019_1630_MON_10m_RH_highway_TW3_sunny_FHD,away,87,0.0968,83.9,0.115,0.0,0.023,원활,False,0.0707
Cheonan_seongnam2_20201019_1630_MON_10m_RH_highway_TW3_sunny_FHD,toward,87,0.065,89.2,0.073,0.0,0.0,원활,False,0.0236
Cheonan_seongnam2_20201020_1030_TUE_10m_RH_highway_TW3_sunny_FHD,all,96,0.0754,87.4,0.086,0.0,0.0,원활,False,
Cheonan_seongnam2_20201020_1030_TUE_10m_RH_highway_TW3_sunny_FHD,away,96,0.0895,85.1,0.105,0.0,0.0625,원활,False,0.0504
Cheonan_seongnam2_20201020_1030_TUE_10m_RH_highway_TW3_sunny_FHD,toward,96,0.0635,89.4,0.071,0.0,0.0,원활,False,0.0226
Cheonan_seongnam2_20201020_1530_TUE_10m_NH_highway_TW3_sunny_FHD,all,129,0.0769,87.2,0.088,0.0,0.0,원활,False,
Cheonan_seongnam2_20201020_1530_TUE_10m_NH_highway_TW3_sunny_FHD,away,129,0.0909,84.9,0.107,0.0,0.0775,원활,False,0.0586
Cheonan_seongnam2_20201020_1530_TUE_10m_NH_highway_TW3_sunny_FHD,toward,129,0.0678,88.7,0.076,0.0,0.0155,원활,False,0.0182
Cheonan_seongnam2_20201021_0930_WED_10m_RH_highway_TW3_sunny_FHD,all,91,0.0766,87.2,0.088,0.0,0.0,원활,False,
Cheonan_seongnam2_20201021_0930_WED_10m_RH_highway_TW3_sunny_FHD,away,91,0.0752,87.5,0.086,0.0,0.0,원활,False,0.0598
Cheonan_seongnam2_20201021_0930_WED_10m_RH_highway_TW3_sunny_FHD,toward,91,0.0689,88.5,0.078,0.0,0.0,원활,False,0.0373
Cheonan_seongnam2_20201021_1430_WED_10m_NH_highway_TW3_sunny_FHD,all,106,0.0698,88.4,0.079,0.0,0.0,원활,False,
Cheonan_seongnam2_20201021_1430_WED_10m_NH_highway_TW3_sunny_FHD,away,106,0.0765,87.25,0.0875,0.0,0.0,원활,False,0.0595
Cheonan_seongnam2_20201021_1430_WED_10m_NH_highway_TW3_sunny_FHD,toward,106,0.0735,87.75,0.0835,0.0,0.0,원활,False,0.0205
Chungju_chujeomtunnel(changwon)_20201019_1730_MON_15m_NH_highway_OW2_sunny_FHD,all,83,0.0811,86.5,0.094,0.0,0.1084,원활,False,
Chungju_chujeomtunnel(changwon)_20201019_1730_MON_15m_NH_highway_OW2_sunny_FHD,away,83,0.0811,86.5,0.094,0.0,0.1084,원활,False,0.051
Chungju_chujeomtunnel(changwon)_20201020_1130_TUE_15m_RH_highway_OW2_sunny_FHD,all,68,0.0716,88.05,0.0815,0.0,0.0,원활,False,
Chungju_chujeomtunnel(changwon)_20201020_1130_TUE_15m_RH_highway_OW2_sunny_FHD,away,68,0.0716,88.05,0.0815,0.0,0.0,원활,False,0.0804
Chungju_chujeomtunnel(changwon)_20201020_1630_TUE_15m_NH_highway_OW2_sunny_FHD,all,78,0.0805,86.55,0.0935,0.0,0.0256,원활,False,
Chungju_chujeomtunnel(changwon)_20201020_1630_TUE_15m_NH_highway_OW2_sunny_FHD,away,78,0.0805,86.55,0.0935,0.0,0.0256,원활,False,0.0744
Chungju_chujeomtunnel(changwon)_20201021_1030_WED_15m_NH_highway_OW2_sunny_FHD,all,83,0.0733,87.8,0.083,0.0,0.0361,원활,False,
Chungju_chujeomtunnel(changwon)_20201021_1030_WED_15m_NH_highway_OW2_sunny_FHD,away,83,0.0733,87.8,0.083,0.0,0.0361,원활,False,0.0454
Chungju_chujeomtunnel(changwon)_20201021_1530_WED_15m_NH_highway_OW2_sunny_FHD,all,80,0.0636,89.4,0.071,0.0,0.0,원활,False,
Chungju_chujeomtunnel(changwon)_20201021_1530_WED_15m_NH_highway_OW2_sunny_FHD,away,80,0.0636,89.4,0.071,0.0,0.0,원활,False,0.0434
Chungju_chujeomtunnel(yangpyeong)_20201020_0730_TUE_15m_NH_highway_OW2_fog_FHD,all,73,0.0694,88.4,0.079,0.0,0.0548,원활,False,
Chungju_chujeomtunnel(yangpyeong)_20201020_0730_TUE_15m_NH_highway_OW2_fog_FHD,toward,73,0.0694,88.4,0.079,0.0,0.0548,원활,False,0.0725
Chungju_chujeomtunnel(yangpyeong)_20201020_1230_TUE_15m_RH_highway_OW2_sunny_FHD,all,80,0.0746,87.55,0.0855,0.0,0.0,원활,False,
Chungju_chujeomtunnel(yangpyeong)_20201020_1230_TUE_15m_RH_highway_OW2_sunny_FHD,toward,80,0.0746,87.55,0.0855,0.0,0.0,원활,False,0.0542
Chungju_chujeomtunnel(yangpyeong)_20201020_1730_TUE_15m_NH_highway_OW2_sunny_FHD,all,67,0.0475,92.1,0.051,0.0,0.0,원활,False,
Chungju_chujeomtunnel(yangpyeong)_20201020_1730_TUE_15m_NH_highway_OW2_sunny_FHD,toward,67,0.0475,92.1,0.051,0.0,0.0,원활,False,0.0343
Chungju_chujeomtunnel(yangpyeong)_20201021_1130_WED_15m_NH_highway_OW2_sunny_FHD,all,71,0.0595,90.1,0.066,0.0,0.0141,원활,False,
Chungju_chujeomtunnel(yangpyeong)_20201021_1130_WED_15m_NH_highway_OW2_sunny_FHD,away,71,0.0595,90.1,0.066,0.0,0.0141,원활,False,0.0339
Chungju_chujeomtunnel(yangpyeong)_20201021_1630_WED_15m_NH_highway_OW2_sunny_FHD,all,73,0.0827,86.2,0.096,0.0,0.1781,원활,False,
Chungju_chujeomtunnel(yangpyeong)_20201021_1630_WED_15m_NH_highway_OW2_sunny_FHD,away,73,0.0827,86.2,0.096,0.0,0.1781,원활,False,0.0439
Chungju_danpyeong1brdg_20201020_1100_TUE_15m_RH_highway_TW2_sunny_FHD,all,120,0.1323,77.95,0.1695,0.0,0.6917,서행,False,
Chungju_danpyeong1brdg_20201020_1100_TUE_15m_RH_highway_TW2_sunny_FHD,away,120,0.1642,72.65,0.2255,0.0,0.85,서행,False,0.0415
Chungju_danpyeong1brdg_20201020_1100_TUE_15m_RH_highway_TW2_sunny_FHD,toward,120,0.1159,80.65,0.144,0.0,0.425,원활,False,0.0268
Chungju_danpyeong1brdg_20201020_1600_TUE_15m_NH_highway_TW2_sunny_FHD,all,94,0.1205,79.95,0.1505,0.0,0.5,서행,False,
Chungju_danpyeong1brdg_20201020_1600_TUE_15m_NH_highway_TW2_sunny_FHD,away,94,0.1123,81.25,0.1385,0.0,0.266,원활,False,0.064
Chungju_danpyeong1brdg_20201020_1600_TUE_15m_NH_highway_TW2_sunny_FHD,toward,94,0.141,76.5,0.184,0.0,0.6809,서행,False,0.0274
Chungju_danpyeong1brdg_20201021_1030_WED_15m_NH_highway_TW2_sunny_FHD,all,93,0.1209,79.8,0.152,0.0,0.5376,서행,False,
Chungju_danpyeong1brdg_20201021_1030_WED_15m_NH_highway_TW2_sunny_FHD,away,93,0.0867,85.6,0.101,0.0,0.0215,원활,False,0.0317
Chungju_danpyeong1brdg_20201021_1030_WED_15m_NH_highway_TW2_sunny_FHD,toward,93,0.1734,71.1,0.244,0.0,0.9032,서행,False,0.0
Chungju_danpyeong1brdg_20201021_1530_WED_15m_NH_highway_TW2_sunny_FHD,all,87,0.1992,66.8,0.298,0.0,1.0,서행,False,
Chungju_danpyeong1brdg_20201021_1530_WED_15m_NH_highway_TW2_sunny_FHD,unknown,87,0.1992,66.8,0.298,0.0,1.0,서행,False,0.0857
Chungju_jogogli_20201020_0800_TUE_15m_NH_highway_TW2_fog_FHD,all,79,0.0434,92.8,0.047,0.0,0.0,원활,False,
Chungju_jogogli_20201020_0800_TUE_15m_NH_highway_TW2_fog_FHD,away,79,0.0316,94.7,0.034,0.0,0.0,원활,False,0.0129
Chungju_jogogli_20201020_0800_TUE_15m_NH_highway_TW2_fog_FHD,toward,79,0.0505,91.6,0.055,0.0,0.0,원활,False,0.0398
Chungju_jogogli_20201020_1300_TUE_15m_RH_highway_TW2_sunny_FHD,all,96,0.0468,92.2,0.051,0.0,0.0,원활,False,
Chungju_jogogli_20201020_1300_TUE_15m_RH_highway_TW2_sunny_FHD,away,96,0.0411,93.1,0.044,0.0,0.0,원활,False,0.0191
Chungju_jogogli_20201020_1300_TUE_15m_RH_highway_TW2_sunny_FHD,toward,96,0.0505,91.55,0.0555,0.0,0.0,원활,False,0.0316
Chungju_jogogli_20201021_0700_WED_15m_NH_highway_TW2_sunny_FHD,all,69,0.0262,95.6,0.028,0.0,0.0,원활,False,
Chungju_jogogli_20201021_0700_WED_15m_NH_highway_TW2_sunny_FHD,away,69,0.0236,96.1,0.024,0.0,0.0,원활,False,0.0081
Chungju_jogogli_20201021_0700_WED_15m_NH_highway_TW2_sunny_FHD,toward,69,0.0363,94.0,0.038,0.0,0.0,원활,False,0.0239
Chungju_jogogli_20201021_1200_WED_15m_NH_highway_TW2_sunny_FHD,all,95,0.0651,89.2,0.073,0.0,0.0105,원활,False,
Chungju_jogogli_20201021_1200_WED_15m_NH_highway_TW2_sunny_FHD,away,95,0.0618,89.7,0.069,0.0,0.0421,원활,False,0.0382
Chungju_jogogli_20201021_1200_WED_15m_NH_highway_TW2_sunny_FHD,toward,95,0.0584,90.3,0.064,0.0,0.0,원활,False,0.0297
Chungju_jogogli_20201021_1700_WED_15m_NH_highway_TW2_sunny_FHD,all,122,0.0561,90.65,0.062,0.0,0.0,원활,False,
Chungju_jogogli_20201021_1700_WED_15m_NH_highway_TW2_sunny_FHD,away,122,0.0593,90.1,0.0655,0.0,0.0,원활,False,0.0527
Chungju_jogogli_20201021_1700_WED_15m_NH_highway_TW2_sunny_FHD,toward,122,0.0516,91.45,0.056,0.0,0.0,원활,False,0.034
Chungju_sangwoo1brdg_20201019_2030_MON_15m_NH_highway_TW2_sunny_HD,all,117,0.0558,90.7,0.062,0.0,0.0,원활,False,
Chungju_sangwoo1brdg_20201019_2030_MON_15m_NH_highway_TW2_sunny_HD,away,117,0.0363,93.9,0.039,0.0,0.0,원활,False,0.0303
Chungju_sangwoo1brdg_20201019_2030_MON_15m_NH_highway_TW2_sunny_HD,toward,117,0.0709,88.2,0.08,0.0,0.0,원활,False,0.0987
Chungju_sangwoo1brdg_20201020_1130_TUE_15m_RH_highway_TW2_sunny_HD,all,106,0.1337,77.75,0.1715,0.0,0.7547,서행,False,
Chungju_sangwoo1brdg_20201020_1130_TUE_15m_RH_highway_TW2_sunny_HD,away,106,0.1791,70.15,0.2555,0.0,0.9906,서행,False,0.066
Chungju_sangwoo1brdg_20201020_1130_TUE_15m_RH_highway_TW2_sunny_HD,toward,106,0.0936,84.4,0.111,0.0,0.217,원활,False,0.1401
Chungju_sangwoo1brdg_20201020_1630_TUE_15m_NH_highway_TW2_sunny_HD,all,129,0.1301,78.3,0.166,0.0,0.6589,서행,False,
Chungju_sangwoo1brdg_20201020_1630_TUE_15m_NH_highway_TW2_sunny_HD,away,129,0.1562,74.0,0.211,0.0,0.8062,서행,False,0.0842
Chungju_sangwoo1brdg_20201020_1630_TUE_15m_NH_highway_TW2_sunny_HD,toward,129,0.1086,81.9,0.133,0.0,0.2713,원활,False,0.1969
Chungju_sangwoo1brdg_20201021_1030_WED_15m_NH_highway_TW2_sunny_HD,all,103,0.1039,82.7,0.126,0.0,0.233,원활,False,
Chungju_sangwoo1brdg_20201021_1030_WED_15m_NH_highway_TW2_sunny_HD,away,103,0.0761,87.3,0.087,0.0,0.0,원활,False,0.1172
Chungju_sangwoo1brdg_20201021_1030_WED_15m_NH_highway_TW2_sunny_HD,toward,103,0.1522,74.6,0.204,0.0,0.8544,서행,False,0.0751
Chungju_sangwoo1brdg_20201021_1530_WED_15m_NH_highway_TW2_sunny_HD,all,102,0.0999,83.35,0.1195,0.0,0.0784,원활,False,
Chungju_sangwoo1brdg_20201021_1530_WED_15m_NH_highway_TW2_sunny_HD,away,102,0.0709,88.2,0.08,0.0,0.0,원활,False,0.1203
Chungju_sangwoo1brdg_20201021_1530_WED_15m_NH_highway_TW2_sunny_HD,toward,102,0.1406,76.6,0.183,0.0,0.6863,서행,False,0.0451
Gangneung_gangdong2brdg_20201019_1730_MON_15m_NH_highway_TW2_sunny_FHD,all,85,0.0322,94.6,0.034,0.0,0.0,원활,False,
Gangneung_gangdong2brdg_20201019_1730_MON_15m_NH_highway_TW2_sunny_FHD,away,85,0.0221,96.3,0.023,0.0,0.0,원활,False,0.0132
Gangneung_gangdong2brdg_20201019_1730_MON_15m_NH_highway_TW2_sunny_FHD,toward,85,0.0407,93.2,0.044,0.0,0.0,원활,False,0.0358
Gangneung_gangdong2brdg_20201020_1130_TUE_15m_NH_highway_TW2_sunny_FHD,all,82,0.0306,94.9,0.032,0.0,0.0,원활,False,
Gangneung_gangdong2brdg_20201020_1130_TUE_15m_NH_highway_TW2_sunny_FHD,away,82,0.028,95.3,0.03,0.0,0.0,원활,False,0.0101
Gangneung_gangdong2brdg_20201020_1130_TUE_15m_NH_highway_TW2_sunny_FHD,toward,82,0.0337,94.35,0.036,0.0,0.0,원활,False,0.0262
Gangneung_gangdong2brdg_20201020_1630_TUE_15m_NH_highway_TW2_sunny_FHD,all,117,0.0419,93.0,0.045,0.0,0.0,원활,False,
Gangneung_gangdong2brdg_20201020_1630_TUE_15m_NH_highway_TW2_sunny_FHD,away,117,0.0331,94.5,0.035,0.0,0.0,원활,False,0.0142
Gangneung_gangdong2brdg_20201020_1630_TUE_15m_NH_highway_TW2_sunny_FHD,toward,117,0.0472,92.1,0.051,0.0,0.0,원활,False,0.0491
Gangneung_gangdong2brdg_20201021_1030_WED_15m_NH_highway_TW2_sunny_FHD,all,90,0.0386,93.6,0.041,0.0,0.0,원활,False,
Gangneung_gangdong2brdg_20201021_1030_WED_15m_NH_highway_TW2_sunny_FHD,away,90,0.0331,94.5,0.035,0.0,0.0,원활,False,0.0166
Gangneung_gangdong2brdg_20201021_1030_WED_15m_NH_highway_TW2_sunny_FHD,toward,90,0.0431,92.8,0.047,0.0,0.0,원활,False,0.0234
Gangneung_gangdong2brdg_20201021_1530_WED_15m_NH_highway_TW2_sunny_FHD,all,93,0.0403,93.3,0.043,0.0,0.0,원활,False,
Gangneung_gangdong2brdg_20201021_1530_WED_15m_NH_highway_TW2_sunny_FHD,away,93,0.0298,95.0,0.032,0.0,0.0,원활,False,0.0112
Gangneung_gangdong2brdg_20201021_1530_WED_15m_NH_highway_TW2_sunny_FHD,toward,93,0.0509,91.5,0.056,0.0,0.0,원활,False,0.0161
Gangneung_hyangho1brdg_20201020_0730_TUE_15m_NH_highway_TW2_sunny_FHD,all,45,0.0168,97.2,0.017,0.0,0.0,원활,False,
Gangneung_hyangho1brdg_20201020_0730_TUE_15m_NH_highway_TW2_sunny_FHD,away,45,0.0177,97.1,0.018,0.0,0.0,원활,False,0.026
Gangneung_hyangho1brdg_20201020_0730_TUE_15m_NH_highway_TW2_sunny_FHD,toward,45,0.0133,97.8,0.013,0.0,0.0,원활,False,0.0078
Gangneung_hyangho1brdg_20201020_1230_TUE_15m_NH_highway_TW2_sunny_FHD,all,75,0.0188,96.9,0.019,0.0,0.0,원활,False,
Gangneung_hyangho1brdg_20201020_1230_TUE_15m_NH_highway_TW2_sunny_FHD,away,75,0.0174,97.1,0.018,0.0,0.0,원활,False,0.0183
Gangneung_hyangho1brdg_20201020_1230_TUE_15m_NH_highway_TW2_sunny_FHD,toward,75,0.0164,97.3,0.017,0.0,0.0,원활,False,0.0146
Gangneung_hyangho1brdg_20201020_1730_TUE_15m_NH_highway_TW2_sunny_FHD,all,67,0.0205,96.6,0.021,0.0,0.0,원활,False,
Gangneung_hyangho1brdg_20201020_1730_TUE_15m_NH_highway_TW2_sunny_FHD,away,67,0.0192,96.8,0.02,0.0,0.0,원활,False,0.0162
Gangneung_hyangho1brdg_20201020_1730_TUE_15m_NH_highway_TW2_sunny_FHD,toward,67,0.0227,96.2,0.024,0.0,0.0,원활,False,0.0177
Gangneung_hyangho1brdg_20201021_1130_WED_15m_NH_highway_TW2_sunny_FHD,all,75,0.0234,96.1,0.024,0.0,0.0,원활,False,
Gangneung_hyangho1brdg_20201021_1130_WED_15m_NH_highway_TW2_sunny_FHD,away,75,0.0224,96.3,0.023,0.0,0.0,원활,False,0.0209
Gangneung_hyangho1brdg_20201021_1130_WED_15m_NH_highway_TW2_sunny_FHD,toward,75,0.0142,97.6,0.015,0.0,0.0,원활,False,0.0134
Gangneung_hyangho1brdg_20201021_1630_WED_15m_NH_highway_TW2_sunny_FHD,all,73,0.0181,97.0,0.019,0.0,0.0,원활,False,
Gangneung_hyangho1brdg_20201021_1630_WED_15m_NH_highway_TW2_sunny_FHD,away,73,0.0174,97.1,0.018,0.0,0.0,원활,False,0.0235
Gangneung_hyangho1brdg_20201021_1630_WED_15m_NH_highway_TW2_sunny_FHD,toward,73,0.0202,96.6,0.021,0.0,0.0,원활,False,0.0168
Gangneung_hyangho2brdg_20201020_0830_TUE_15m_NH_highway_TW2_sunny_FHD,all,50,0.0242,96.0,0.025,0.0,0.0,원활,False,
Gangneung_hyangho2brdg_20201020_0830_TUE_15m_NH_highway_TW2_sunny_FHD,away,50,0.0333,94.45,0.0355,0.0,0.0,원활,False,0.0242
Gangneung_hyangho2brdg_20201020_0830_TUE_15m_NH_highway_TW2_sunny_FHD,toward,50,0.013,97.8,0.013,0.0,0.0,원활,False,0.0138
Gangneung_hyangho2brdg_20201020_1330_TUE_15m_NH_highway_TW2_sunny_FHD,all,73,0.0216,96.4,0.022,0.0,0.0,원활,False,
Gangneung_hyangho2brdg_20201020_1330_TUE_15m_NH_highway_TW2_sunny_FHD,away,73,0.0213,96.5,0.022,0.0,0.0,원활,False,0.0169
Gangneung_hyangho2brdg_20201020_1330_TUE_15m_NH_highway_TW2_sunny_FHD,toward,73,0.0154,97.4,0.016,0.0,0.0,원활,False,0.0156
Gangneung_hyangho2brdg_20201021_0730_WED_15m_NH_highway_TW2_sunny_FHD,all,56,0.0192,96.8,0.02,0.0,0.0,원활,False,
Gangneung_hyangho2brdg_20201021_0730_WED_15m_NH_highway_TW2_sunny_FHD,away,56,0.0236,96.05,0.025,0.0,0.0,원활,False,0.0116
Gangneung_hyangho2brdg_20201021_0730_WED_15m_NH_highway_TW2_sunny_FHD,toward,56,0.0146,97.6,0.0145,0.0,0.0,원활,False,0.0132
Gangneung_hyangho2brdg_20201021_1230_WED_15m_NH_highway_TW2_sunny_FHD,all,74,0.0176,97.05,0.0185,0.0,0.0,원활,False,
Gangneung_hyangho2brdg_20201021_1230_WED_15m_NH_highway_TW2_sunny_FHD,away,74,0.0184,96.95,0.019,0.0,0.0,원활,False,0.0259
Gangneung_hyangho2brdg_20201021_1230_WED_15m_NH_highway_TW2_sunny_FHD,toward,74,0.0164,97.3,0.017,0.0,0.0,원활,False,0.0117
Gangneung_hyangho2brdg_20201021_1730_WED_15m_NH_highway_TW2_sunny_FHD,all,51,0.0126,97.9,0.013,0.0,0.0,원활,False,
Gangneung_hyangho2brdg_20201021_1730_WED_15m_NH_highway_TW2_sunny_FHD,away,51,0.0213,96.5,0.022,0.0,0.0,원활,False,0.0083
Gangneung_hyangho2brdg_20201021_1730_WED_15m_NH_highway_TW2_sunny_FHD,toward,51,0.0081,98.7,0.008,0.0,0.0,원활,False,0.0068
Gangneung_nodong1brdg_20201019_1630_MON_15m_NH_highway_TW2_sunny_FHD,all,95,0.0293,95.1,0.031,0.0,0.0,원활,False,
Gangneung_nodong1brdg_20201019_1630_MON_15m_NH_highway_TW2_sunny_FHD,away,95,0.0184,96.9,0.019,0.0,0.0,원활,False,0.0501
Gangneung_nodong1brdg_20201019_1630_MON_15m_NH_highway_TW2_sunny_FHD,toward,95,0.0734,87.8,0.083,0.0,0.0,원활,False,0.0314
Gangneung_nodong1brdg_20201020_1030_TUE_15m_NH_highway_TW2_sunny_FHD,all,96,0.0194,96.8,0.02,0.0,0.0,원활,False,
Gangneung_nodong1brdg_20201020_1030_TUE_15m_NH_highway_TW2_sunny_FHD,away,96,0.0137,97.75,0.0135,0.0,0.0,원활,False,0.0379
Gangneung_nodong1brdg_20201020_1030_TUE_15m_NH_highway_TW2_sunny_FHD,toward,96,0.0424,92.9,0.046,0.0,0.0,원활,False,0.0106
Gangneung_nodong1brdg_20201020_1530_TUE_15m_NH_highway_TW2_sunny_FHD,all,93,0.025,95.8,0.026,0.0,0.0,원활,False,
Gangneung_nodong1brdg_20201020_1530_TUE_15m_NH_highway_TW2_sunny_FHD,away,93,0.0156,97.4,0.016,0.0,0.0,원활,False,0.0423
Gangneung_nodong1brdg_20201020_1530_TUE_15m_NH_highway_TW2_sunny_FHD,toward,93,0.0594,90.1,0.066,0.0,0.0,원활,False,0.0334
Gangneung_nodong1brdg_20201021_0930_WED_15m_NH_highway_TW2_sunny_FHD,all,100,0.0017,99.7,0.002,0.0,0.0,원활,False,
Gangneung_nodong1brdg_20201021_0930_WED_15m_NH_highway_TW2_sunny_FHD,unknown,100,0.0017,99.7,0.002,0.0,0.0,원활,False,0.0
Gangneung_nodong1brdg_20201021_1430_WED_15m_NH_highway_TW2_sunny_FHD,all,97,0.0195,96.7,0.02,0.0,0.0,원활,False,
Gangneung_nodong1brdg_20201021_1430_WED_15m_NH_highway_TW2_sunny_FHD,away,97,0.0424,92.9,0.046,0.0,0.0,원활,False,0.0632
Gangneung_nodong1brdg_20201021_1430_WED_15m_NH_highway_TW2_sunny_FHD,toward,97,0.0165,97.3,0.017,0.0,0.0,원활,False,0.0225
Gangneung_nodong_20201020_0930_TUE_15m_NH_highway_TW2_sunny_FHD,all,119,0.0271,95.5,0.028,0.0,0.0,원활,False,
Gangneung_nodong_20201020_0930_TUE_15m_NH_highway_TW2_sunny_FHD,away,119,0.0264,95.6,0.028,0.0,0.0,원활,False,0.0292
Gangneung_nodong_20201020_0930_TUE_15m_NH_highway_TW2_sunny_FHD,toward,119,0.021,96.5,0.022,0.0,0.0,원활,False,0.0129
Gangneung_nodong_20201020_1430_TUE_15m_NH_highway_TW2_sunny_FHD,all,93,0.0298,95.0,0.032,0.0,0.0,원활,False,
Gangneung_nodong_20201020_1430_TUE_15m_NH_highway_TW2_sunny_FHD,away,93,0.0262,95.6,0.028,0.0,0.0,원활,False,0.0171
Gangneung_nodong_20201020_1430_TUE_15m_NH_highway_TW2_sunny_FHD,toward,93,0.0351,94.1,0.038,0.0,0.0,원활,False,0.0146
Gangneung_nodong_20201021_0830_WED_15m_NH_highway_TW2_sunny_FHD,all,111,0.0349,94.2,0.037,0.0,0.0,원활,False,
Gangneung_nodong_20201021_0830_WED_15m_NH_highway_TW2_sunny_FHD,away,111,0.031,94.8,0.033,0.0,0.0,원활,False,0.0335
Gangneung_nodong_20201021_0830_WED_15m_NH_highway_TW2_sunny_FHD,toward,111,0.0361,94.0,0.038,0.0,0.0,원활,False,0.0167
Gangneung_nodong_20201021_1330_WED_15m_NH_highway_TW2_sunny_FHD,all,85,0.0235,96.1,0.024,0.0,0.0,원활,False,
Gangneung_nodong_20201021_1330_WED_15m_NH_highway_TW2_sunny_FHD,away,85,0.0215,96.4,0.022,0.0,0.0,원활,False,0.0
Gangneung_nodong_20201021_1330_WED_15m_NH_highway_TW2_sunny_FHD,toward,85,0.0343,94.3,0.036,0.0,0.0,원활,False,0.0
Gangneung_wichon2brdg_20201019_1730_MON_15m_NH_highway_TW2_sunny_FHD,all,88,0.0116,98.1,0.012,0.0,0.0,원활,False,
Gangneung_wichon2brdg_20201019_1730_MON_15m_NH_highway_TW2_sunny_FHD,away,88,0.0224,96.25,0.0235,0.0,0.0,원활,False,0.0123
Gangneung_wichon2brdg_20201019_1730_MON_15m_NH_highway_TW2_sunny_FHD,toward,88,0.0093,98.45,0.0095,0.0,0.0,원활,False,0.0269
Gangneung_wichon2brdg_20201020_0830_TUE_15m_NH_highway_TW2_sunny_FHD,all,89,0.0164,97.3,0.017,0.0,0.0,원활,False,
Gangneung_wichon2brdg_20201020_0830_TUE_15m_NH_highway_TW2_sunny_FHD,away,89,0.0152,97.5,0.015,0.0,0.0,원활,False,0.0066
Gangneung_wichon2brdg_20201020_0830_TUE_15m_NH_highway_TW2_sunny_FHD,toward,89,0.0143,97.6,0.015,0.0,0.0,원활,False,0.0239
Gangneung_wichon2brdg_20201020_1400_TUE_15m_NH_highway_TW2_sunny_FHD,all,95,0.0169,97.2,0.017,0.0,0.0,원활,False,
Gangneung_wichon2brdg_20201020_1400_TUE_15m_NH_highway_TW2_sunny_FHD,away,95,0.0282,95.3,0.03,0.0,0.0,원활,False,0.0142
Gangneung_wichon2brdg_20201020_1400_TUE_15m_NH_highway_TW2_sunny_FHD,toward,95,0.0134,97.8,0.013,0.0,0.0,원활,False,0.0309
Gangneung_wichon2brdg_20201020_1900_TUE_15m_NH_highway_TW2_sunny_FHD,all,58,0.0109,98.2,0.011,0.0,0.0,원활,False,
Gangneung_wichon2brdg_20201020_1900_TUE_15m_NH_highway_TW2_sunny_FHD,away,58,0.0108,98.2,0.011,0.0,0.0,원활,False,0.0059
Gangneung_wichon2brdg_20201020_1900_TUE_15m_NH_highway_TW2_sunny_FHD,toward,58,0.0109,98.2,0.011,0.0,0.0,원활,False,0.0282
Gangneung_wichon2brdg_20201021_0930_WED_15m_NH_highway_TW2_sunny_FHD,all,119,0.0193,96.8,0.02,0.0,0.0,원활,False,
Gangneung_wichon2brdg_20201021_0930_WED_15m_NH_highway_TW2_sunny_FHD,away,119,0.0216,96.4,0.022,0.0,0.0,원활,False,0.0141
Gangneung_wichon2brdg_20201021_0930_WED_15m_NH_highway_TW2_sunny_FHD,toward,119,0.0179,97.0,0.019,0.0,0.0,원활,False,0.0374
Gangneung_wichon2brdg_20201021_1430_WED_15m_NH_highway_TW2_sunny_FHD,all,87,0.0156,97.4,0.016,0.0,0.0,원활,False,
Gangneung_wichon2brdg_20201021_1430_WED_15m_NH_highway_TW2_sunny_FHD,away,87,0.0153,97.5,0.015,0.0,0.0,원활,False,0.0364
Gangneung_wichon2brdg_20201021_1430_WED_15m_NH_highway_TW2_sunny_FHD,toward,87,0.0159,97.3,0.017,0.0,0.0,원활,False,0.0251
Gangneung_wichon2brdg_20201021_1930_WED_15m_NH_highway_TW2_sunny_FHD,all,43,0.0064,98.9,0.007,0.0,0.0,원활,False,
Gangneung_wichon2brdg_20201021_1930_WED_15m_NH_highway_TW2_sunny_FHD,away,43,0.0062,99.0,0.006,0.0,0.0,원활,False,0.0193
Gangneung_wichon2brdg_20201021_1930_WED_15m_NH_highway_TW2_sunny_FHD,toward,43,0.0095,98.4,0.01,0.0,0.0,원활,False,0.0238
Hongcheon_guljitunnel_20201020_1030_TUE_15m_NH_highway_TW2_sunny_FHD,all,92,0.0275,95.4,0.029,0.0,0.0,원활,False,
Hongcheon_guljitunnel_20201020_1030_TUE_15m_NH_highway_TW2_sunny_FHD,away,92,0.0225,96.25,0.0235,0.0,0.0,원활,False,0.0387
Hongcheon_guljitunnel_20201020_1030_TUE_15m_NH_highway_TW2_sunny_FHD,toward,92,0.0356,94.05,0.038,0.0,0.0,원활,False,0.0156
Hongcheon_guljitunnel_20201020_1530_TUE_15m_NH_highway_TW2_sunny_FHD,all,100,0.0315,94.75,0.0335,0.0,0.0,원활,False,
Hongcheon_guljitunnel_20201020_1530_TUE_15m_NH_highway_TW2_sunny_FHD,away,100,0.0254,95.8,0.026,0.0,0.0,원활,False,0.0481
Hongcheon_guljitunnel_20201020_1530_TUE_15m_NH_highway_TW2_sunny_FHD,toward,100,0.039,93.55,0.0415,0.0,0.0,원활,False,0.0129
Hongcheon_guljitunnel_20201021_0930_WED_15m_NH_highway_TW2_sunny_FHD,all,90,0.0253,95.8,0.026,0.0,0.0,원활,False,
Hongcheon_guljitunnel_20201021_0930_WED_15m_NH_highway_TW2_sunny_FHD,away,90,0.015,97.5,0.015,0.0,0.0,원활,False,0.0298
Hongcheon_guljitunnel_20201021_0930_WED_15m_NH_highway_TW2_sunny_FHD,toward,90,0.0417,93.05,0.0445,0.0,0.0,원활,False,0.0121
Hongcheon_guljitunnel_20201021_1430_WED_15m_NH_highway_TW2_sunny_FHD,all,122,0.0336,94.4,0.036,0.0,0.0,원활,False,
Hongcheon_guljitunnel_20201021_1430_WED_15m_NH_highway_TW2_sunny_FHD,away,122,0.0323,94.6,0.034,0.0,0.0,원활,False,0.0582
Hongcheon_guljitunnel_20201021_1430_WED_15m_NH_highway_TW2_sunny_FHD,toward,122,0.0347,94.25,0.0365,0.0,0.0,원활,False,0.014
Hongcheon_gwanggyeog1brdg_20201019_1730_MON_15m_NH_highway_TW2_sunny_FHD,all,89,0.0312,94.8,0.033,0.0,0.0,원활,False,
Hongcheon_gwanggyeog1brdg_20201019_1730_MON_15m_NH_highway_TW2_sunny_FHD,away,89,0.0391,93.5,0.042,0.0,0.0,원활,False,0.0349
Hongcheon_gwanggyeog1brdg_20201019_1730_MON_15m_NH_highway_TW2_sunny_FHD,toward,89,0.013,97.8,0.013,0.0,0.0,원활,False,0.0118
Hongcheon_gwanggyeog1brdg_20201020_1130_TUE_15m_NH_highway_TW2_sunny_FHD,all,92,0.0206,96.6,0.021,0.0,0.0,원활,False,
Hongcheon_gwanggyeog1brdg_20201020_1130_TUE_15m_NH_highway_TW2_sunny_FHD,away,92,0.0187,96.9,0.019,0.0,0.0,원활,False,0.0214
Hongcheon_gwanggyeog1brdg_20201020_1130_TUE_15m_NH_highway_TW2_sunny_FHD,toward,92,0.0248,95.9,0.026,0.0,0.0,원활,False,0.0142
Hongcheon_gwanggyeog1brdg_20201020_1630_TUE_15m_NH_highway_TW2_sunny_FHD,all,88,0.0223,96.3,0.023,0.0,0.0,원활,False,
Hongcheon_gwanggyeog1brdg_20201020_1630_TUE_15m_NH_highway_TW2_sunny_FHD,away,88,0.024,96.0,0.025,0.0,0.0,원활,False,0.0206
Hongcheon_gwanggyeog1brdg_20201020_1630_TUE_15m_NH_highway_TW2_sunny_FHD,toward,88,0.0089,98.55,0.009,0.0,0.0,원활,False,0.013
Hongcheon_gwanggyeog1brdg_20201021_1030_WED_15m_NH_highway_TW2_sunny_FHD,all,86,0.0264,95.6,0.028,0.0,0.0,원활,False,
Hongcheon_gwanggyeog1brdg_20201021_1030_WED_15m_NH_highway_TW2_sunny_FHD,away,86,0.0253,95.8,0.026,0.0,0.0,원활,False,0.0411
Hongcheon_gwanggyeog1brdg_20201021_1030_WED_15m_NH_highway_TW2_sunny_FHD,toward,86,0.023,96.2,0.0235,0.0,0.0,원활,False,0.0098
Hongcheon_gwanggyeog1brdg_20201021_1530_WED_15m_NH_highway_TW2_sunny_FHD,all,94,0.0293,95.15,0.0305,0.0,0.0,원활,False,
Hongcheon_gwanggyeog1brdg_20201021_1530_WED_15m_NH_highway_TW2_sunny_FHD,away,94,0.0329,94.5,0.035,0.0,0.0,원활,False,0.0441
Hongcheon_gwanggyeog1brdg_20201021_1530_WED_15m_NH_highway_TW2_sunny_FHD,toward,94,0.0181,97.0,0.0185,0.0,0.0,원활,False,0.0091
Hongcheon_seomgangbrdg_20201019_1900_MON_15m_NH_highway_TW2_sunny_FHD,all,38,0.007,98.8,0.007,0.0,0.0,원활,False,
Hongcheon_seomgangbrdg_20201019_1900_MON_15m_NH_highway_TW2_sunny_FHD,away,38,0.0073,98.8,0.007,0.0,0.0,원활,False,0.0227
Hongcheon_seomgangbrdg_20201019_1900_MON_15m_NH_highway_TW2_sunny_FHD,toward,38,0.0055,99.1,0.005,0.0,0.0,원활,False,0.005
Hongcheon_seomgangbrdg_20201020_0900_TUE_15m_NH_highway_TW2_sunny_FHD,all,79,0.0184,96.9,0.019,0.0,0.0,원활,False,
Hongcheon_seomgangbrdg_20201020_0900_TUE_15m_NH_highway_TW2_sunny_FHD,away,79,0.0172,97.1,0.018,0.0,0.0,원활,False,0.048
Hongcheon_seomgangbrdg_20201020_0900_TUE_15m_NH_highway_TW2_sunny_FHD,toward,79,0.0258,95.7,0.027,0.0,0.0,원활,False,0.0196
Hongcheon_seomgangbrdg_20201020_1400_TUE_15m_NH_highway_TW2_sunny_FHD,all,78,0.0184,96.9,0.019,0.0,0.0,원활,False,
Hongcheon_seomgangbrdg_20201020_1400_TUE_15m_NH_highway_TW2_sunny_FHD,away,78,0.0168,97.2,0.017,0.0,0.0,원활,False,0.041
Hongcheon_seomgangbrdg_20201020_1400_TUE_15m_NH_highway_TW2_sunny_FHD,toward,78,0.0223,96.3,0.023,0.0,0.0,원활,False,0.0096
Hongcheon_seomgangbrdg_20201021_0800_WED_15m_NH_highway_TW2_sunny_FHD,all,70,0.0175,97.1,0.018,0.0,0.0,원활,False,
Hongcheon_seomgangbrdg_20201021_0800_WED_15m_NH_highway_TW2_sunny_FHD,away,70,0.0211,96.45,0.022,0.0,0.0,원활,False,0.0375
Hongcheon_seomgangbrdg_20201021_0800_WED_15m_NH_highway_TW2_sunny_FHD,toward,70,0.0084,98.6,0.0085,0.0,0.0,원활,False,0.0058
Hongcheon_seomgangbrdg_20201021_1300_WED_15m_NH_highway_TW2_sunny_FHD,all,82,0.0158,97.4,0.016,0.0,0.0,원활,False,
Hongcheon_seomgangbrdg_20201021_1300_WED_15m_NH_highway_TW2_sunny_FHD,away,82,0.0137,97.7,0.014,0.0,0.0,원활,False,0.0253
Hongcheon_seomgangbrdg_20201021_1300_WED_15m_NH_highway_TW2_sunny_FHD,toward,82,0.0227,96.2,0.024,0.0,0.0,원활,False,0.0334
Hongcheon_wonchang4brdg_20201019_1600_MON_15m_NH_highway_OW2_sunny_FHD,all,86,0.0643,89.25,0.0725,0.0,0.0,원활,False,
Hongcheon_wonchang4brdg_20201019_1600_MON_15m_NH_highway_OW2_sunny_FHD,toward,86,0.0643,89.25,0.0725,0.0,0.0,원활,False,0.0
Hongcheon_wonchang4brdg_20201021_1000_WED_15m_NH_highway_OW2_sunny_FHD,all,61,0.0336,94.4,0.036,0.0,0.0,원활,False,
Hongcheon_wonchang4brdg_20201021_1000_WED_15m_NH_highway_OW2_sunny_FHD,away,61,0.0336,94.4,0.036,0.0,0.0,원활,False,0.02
Hongcheon_wonchang4brdg_20201021_1500_WED_15m_NH_highway_OW2_sunny_FHD,all,65,0.0213,96.4,0.022,0.0,0.0,원활,False,
Hongcheon_wonchang4brdg_20201021_1500_WED_15m_NH_highway_OW2_sunny_FHD,away,65,0.0213,96.4,0.022,0.0,0.0,원활,False,0.0133
Inje_injetunnel2_20201210_0956_THU_4.8m_NH_highway_OW2_tunnel_FHD,all,133,0.0346,94.2,0.037,0.0,0.0,원활,False,
Inje_injetunnel2_20201210_0956_THU_4.8m_NH_highway_OW2_tunnel_FHD,away,133,0.0346,94.2,0.037,0.0,0.0,원활,False,0.0246
Jeonju_deungcheon_20201019_1800_MON_10m_NH_highway_TW2_sunny_FHD,all,88,0.0169,97.2,0.017,0.0,0.0,원활,False,
Jeonju_deungcheon_20201019_1800_MON_10m_NH_highway_TW2_sunny_FHD,away,88,0.0184,96.9,0.019,0.0,0.0,원활,False,0.0131
Jeonju_deungcheon_20201019_1800_MON_10m_NH_highway_TW2_sunny_FHD,toward,88,0.0,100.0,0.0,0.0,0.0,원활,False,0.0
Jeonju_deungcheon_20201020_0800_TUE_10m_NH_highway_TW2_sunny_FHD,all,84,0.0309,94.85,0.0325,0.0,0.0,원활,False,
Jeonju_deungcheon_20201020_0800_TUE_10m_NH_highway_TW2_sunny_FHD,away,84,0.0325,94.6,0.0345,0.0,0.0,원활,False,0.0171
Jeonju_deungcheon_20201020_0800_TUE_10m_NH_highway_TW2_sunny_FHD,toward,84,0.0245,95.9,0.026,0.0,0.0,원활,False,0.0169
Jeonju_deungcheon_20201020_1300_TUE_10m_NH_highway_TW2_sunny_FHD,all,95,0.0265,95.6,0.028,0.0,0.0,원활,False,
Jeonju_deungcheon_20201020_1300_TUE_10m_NH_highway_TW2_sunny_FHD,away,95,0.024,96.0,0.025,0.0,0.0,원활,False,0.0131
Jeonju_deungcheon_20201020_1300_TUE_10m_NH_highway_TW2_sunny_FHD,toward,95,0.0345,94.2,0.037,0.0,0.0,원활,False,0.0264
Jeonju_deungcheon_20201020_1800_TUE_10m_NH_highway_TW2_sunny_FHD,all,90,0.0115,98.1,0.012,0.0,0.0,원활,False,
Jeonju_deungcheon_20201020_1800_TUE_10m_NH_highway_TW2_sunny_FHD,away,90,0.0107,98.25,0.0105,0.0,0.0,원활,False,0.0118
Jeonju_deungcheon_20201020_1800_TUE_10m_NH_highway_TW2_sunny_FHD,toward,90,0.0178,97.05,0.0185,0.0,0.0,원활,False,0.0273
Jeonju_deungcheon_20201021_0800_WED_10m_NH_highway_TW2_sunny_FHD,all,86,0.03,95.0,0.032,0.0,0.0,원활,False,
Jeonju_deungcheon_20201021_0800_WED_10m_NH_highway_TW2_sunny_FHD,away,86,0.0289,95.2,0.03,0.0,0.0,원활,False,0.0162
Jeonju_deungcheon_20201021_0800_WED_10m_NH_highway_TW2_sunny_FHD,toward,86,0.0289,95.2,0.03,0.0,0.0,원활,False,0.0244
Jeonju_deungcheon_20201021_1300_WED_10m_NH_highway_TW2_sunny_FHD,all,61,0.0426,92.9,0.046,0.0,0.0,원활,False,
Jeonju_deungcheon_20201021_1300_WED_10m_NH_highway_TW2_sunny_FHD,away,61,0.04,93.3,0.043,0.0,0.0,원활,False,0.0224
Jeonju_deungcheon_20201021_1300_WED_10m_NH_highway_TW2_sunny_FHD,toward,61,0.0423,93.0,0.045,0.0,0.0,원활,False,0.0513
Jeonju_deungcheon_20201021_1800_WED_10m_NH_highway_TW2_sunny_FHD,all,88,0.0231,96.15,0.024,0.0,0.0,원활,False,
Jeonju_deungcheon_20201021_1800_WED_10m_NH_highway_TW2_sunny_FHD,away,88,0.0183,96.9,0.019,0.0,0.0,원활,False,0.0335
Jeonju_deungcheon_20201021_1800_WED_10m_NH_highway_TW2_sunny_FHD,toward,88,0.0325,94.6,0.034,0.0,0.0,원활,False,0.0258
Jeonju_gudeog_20201019_2000_MON_15m_NH_highway_TW3_sunny_FHD,all,79,0.0128,97.9,0.013,0.0,0.0,원활,False,
Jeonju_gudeog_20201019_2000_MON_15m_NH_highway_TW3_sunny_FHD,away,79,0.0133,97.8,0.013,0.0,0.0,원활,False,0.0229
Jeonju_gudeog_20201019_2000_MON_15m_NH_highway_TW3_sunny_FHD,toward,79,0.0,100.0,0.0,0.0,0.0,원활,False,0.0
Jeonju_gudeog_20201020_1000_TUE_15m_NH_highway_TW3_sunny_FHD,all,127,0.0293,95.1,0.031,0.0,0.0,원활,False,
Jeonju_gudeog_20201020_1000_TUE_15m_NH_highway_TW3_sunny_FHD,away,127,0.0342,94.3,0.036,0.0,0.0,원활,False,0.0555
Jeonju_gudeog_20201020_1000_TUE_15m_NH_highway_TW3_sunny_FHD,toward,127,0.0134,97.8,0.013,0.0,0.0,원활,False,0.0148
Jeonju_gudeog_20201020_1500_TUE_15m_NH_highway_TW3_sunny_FHD,all,98,0.0358,94.05,0.038,0.0,0.0,원활,False,
Jeonju_gudeog_20201020_1500_TUE_15m_NH_highway_TW3_sunny_FHD,away,98,0.0378,93.7,0.0405,0.0,0.0,원활,False,0.047
Jeonju_gudeog_20201020_1500_TUE_15m_NH_highway_TW3_sunny_FHD,toward,98,0.0317,94.7,0.034,0.0,0.0,원활,False,0.0542
Jeonju_gudeog_20201020_2000_TUE_15m_NH_highway_TW3_sunny_FHD,all,81,0.0095,98.4,0.01,0.0,0.0,원활,False,
Jeonju_gudeog_20201020_2000_TUE_15m_NH_highway_TW3_sunny_FHD,away,81,0.0111,98.1,0.012,0.0,0.0,원활,False,0.02
Jeonju_gudeog_20201020_2000_TUE_15m_NH_highway_TW3_sunny_FHD,toward,81,0.0,100.0,0.0,0.0,0.0,원활,False,0.0
Jeonju_gudeog_20201021_1000_WED_15m_NH_highway_TW3_sunny_FHD,all,92,0.042,93.0,0.045,0.0,0.0,원활,False,
Jeonju_gudeog_20201021_1000_WED_15m_NH_highway_TW3_sunny_FHD,away,92,0.0408,93.2,0.044,0.0,0.0,원활,False,0.0584
Jeonju_gudeog_20201021_1000_WED_15m_NH_highway_TW3_sunny_FHD,toward,92,0.0365,93.9,0.039,0.0,0.0,원활,False,0.0454
Jeonju_gudeog_20201021_1500_WED_15m_NH_highway_TW3_sunny_FHD,all,92,0.0361,94.0,0.038,0.0,0.0,원활,False,
Jeonju_gudeog_20201021_1500_WED_15m_NH_highway_TW3_sunny_FHD,away,92,0.0397,93.4,0.042,0.0,0.0,원활,False,0.043
Jeonju_gudeog_20201021_1500_WED_15m_NH_highway_TW3_sunny_FHD,toward,92,0.0244,95.9,0.026,0.0,0.0,원활,False,0.0141
Jeonju_jeongeub_20201019_1700_MON_15m_NH_highway_TW2_sunny_FHD,all,103,0.0185,96.9,0.019,0.0,0.0,원활,False,
Jeonju_jeongeub_20201019_1700_MON_15m_NH_highway_TW2_sunny_FHD,away,103,0.0192,96.8,0.02,0.0,0.0,원활,False,0.0306
Jeonju_jeongeub_20201019_1700_MON_15m_NH_highway_TW2_sunny_FHD,toward,103,0.0179,97.0,0.019,0.0,0.0,원활,False,0.0271
Jeonju_jeongeub_20201020_0830_TUE_15m_NH_highway_TW2_fog_FHD,all,69,0.0117,98.0,0.012,0.0,0.0,원활,False,
Jeonju_jeongeub_20201020_0830_TUE_15m_NH_highway_TW2_fog_FHD,away,69,0.0072,98.8,0.007,0.0,0.0,원활,False,0.01
Jeonju_jeongeub_20201020_0830_TUE_15m_NH_highway_TW2_fog_FHD,toward,69,0.0144,97.6,0.015,0.0,0.0,원활,False,0.0102
Jeonju_jeongeub_20201020_1330_TUE_15m_NH_highway_TW2_sunny_FHD,all,77,0.0248,95.9,0.026,0.0,0.0,원활,False,
Jeonju_jeongeub_20201020_1330_TUE_15m_NH_highway_TW2_sunny_FHD,away,77,0.0217,96.4,0.022,0.0,0.0,원활,False,0.0343
Jeonju_jeongeub_20201020_1330_TUE_15m_NH_highway_TW2_sunny_FHD,toward,77,0.0298,95.0,0.032,0.0,0.0,원활,False,0.0146
Jeonju_jeongeub_20201021_0700_WED_15m_NH_highway_TW2_sunny_FHD,all,102,0.0265,95.6,0.028,0.0,0.0,원활,False,
Jeonju_jeongeub_20201021_0700_WED_15m_NH_highway_TW2_sunny_FHD,away,102,0.028,95.3,0.03,0.0,0.0,원활,False,0.0242
Jeonju_jeongeub_20201021_0700_WED_15m_NH_highway_TW2_sunny_FHD,toward,102,0.0197,96.7,0.02,0.0,0.0,원활,False,0.0144
Jeonju_jeongeub_20201021_1200_WED_15m_NH_highway_TW2_sunny_FHD,all,129,0.0327,94.6,0.034,0.0,0.0,원활,False,
Jeonju_jeongeub_20201021_1200_WED_15m_NH_highway_TW2_sunny_FHD,away,129,0.0369,93.8,0.04,0.0,0.0,원활,False,0.0144
Jeonju_jeongeub_20201021_1200_WED_15m_NH_highway_TW2_sunny_FHD,toward,129,0.0276,95.4,0.029,0.0,0.0,원활,False,0.0183
Jeonju_jeongeub_20201021_1700_WED_15m_NH_highway_TW2_rainy_FHD,all,95,0.0291,95.2,0.03,0.0,0.0,원활,False,
Jeonju_jeongeub_20201021_1700_WED_15m_NH_highway_TW2_rainy_FHD,away,95,0.0272,95.5,0.028,0.0,0.0,원활,False,0.0201
Jeonju_jeongeub_20201021_1700_WED_15m_NH_highway_TW2_rainy_FHD,toward,95,0.0296,95.1,0.031,0.0,0.0,원활,False,0.0109
Jeonju_sangpyeongoverpass_20201020_1030_TUE_15m_NH_highway_TW2_sunny_FHD,all,105,0.0094,98.4,0.01,0.0,0.0,원활,False,
Jeonju_sangpyeongoverpass_20201020_1030_TUE_15m_NH_highway_TW2_sunny_FHD,away,105,0.0082,98.6,0.009,0.0,0.0,원활,False,0.0225
Jeonju_sangpyeongoverpass_20201020_1030_TUE_15m_NH_highway_TW2_sunny_FHD,toward,105,0.01,98.3,0.01,0.0,0.0,원활,False,0.0098
Jeonju_sangpyeongoverpass_20201020_1530_TUE_15m_NH_highway_TW2_sunny_FHD,all,96,0.0149,97.5,0.015,0.0,0.0,원활,False,
Jeonju_sangpyeongoverpass_20201020_1530_TUE_15m_NH_highway_TW2_sunny_FHD,unknown,96,0.0149,97.5,0.015,0.0,0.0,원활,False,0.0197
Jeonju_sangpyeongoverpass_20201021_0930_WED_15m_NH_highway_TW2_sunny_FHD,all,83,0.0469,92.2,0.051,0.0,0.0,원활,False,
Jeonju_sangpyeongoverpass_20201021_0930_WED_15m_NH_highway_TW2_sunny_FHD,away,83,0.0271,95.5,0.028,0.0,0.0,원활,False,0.0
Jeonju_sangpyeongoverpass_20201021_0930_WED_15m_NH_highway_TW2_sunny_FHD,toward,83,0.0634,89.4,0.071,0.0,0.0,원활,False,0.0
Jeonju_sangpyeongoverpass_20201021_1430_WED_15m_NH_highway_TW2_sunny_FHD,all,119,0.038,93.7,0.04,0.0,0.0,원활,False,
Jeonju_sangpyeongoverpass_20201021_1430_WED_15m_NH_highway_TW2_sunny_FHD,away,119,0.0336,94.4,0.036,0.0,0.0,원활,False,0.0
Jeonju_sangpyeongoverpass_20201021_1430_WED_15m_NH_highway_TW2_sunny_FHD,toward,119,0.0442,92.6,0.048,0.0,0.0,원활,False,0.0
Jeonju_taeinshelter(seoul)_20201019_1730_MON_15m_NH_highway_TW2_sunny_FHD,all,99,0.049,91.8,0.054,0.0,0.0,원활,False,
Jeonju_taeinshelter(seoul)_20201019_1730_MON_15m_NH_highway_TW2_sunny_FHD,away,99,0.0478,92.0,0.052,0.0,0.0,원활,False,0.0597
Jeonju_taeinshelter(seoul)_20201019_1730_MON_15m_NH_highway_TW2_sunny_FHD,toward,99,0.0479,92.0,0.052,0.0,0.0,원활,False,0.021
Jeonju_taeinshelter(seoul)_20201020_0900_TUE_15m_NH_highway_TW2_fog_FHD,all,99,0.0288,95.2,0.03,0.0,0.0,원활,False,
Jeonju_taeinshelter(seoul)_20201020_0900_TUE_15m_NH_highway_TW2_fog_FHD,away,99,0.0307,94.9,0.032,0.0,0.0,원활,False,0.0494
Jeonju_taeinshelter(seoul)_20201020_0900_TUE_15m_NH_highway_TW2_fog_FHD,toward,99,0.0236,96.1,0.024,0.0,0.0,원활,False,0.021
Jeonju_taeinshelter(seoul)_20201020_1400_TUE_15m_NH_highway_TW2_sunny_FHD,all,129,0.0476,92.1,0.051,0.0,0.0,원활,False,
Jeonju_taeinshelter(seoul)_20201020_1400_TUE_15m_NH_highway_TW2_sunny_FHD,away,129,0.0417,93.1,0.044,0.0,0.0,원활,False,0.0613
Jeonju_taeinshelter(seoul)_20201020_1400_TUE_15m_NH_highway_TW2_sunny_FHD,toward,129,0.0501,91.7,0.054,0.0,0.0,원활,False,0.0245
Jeonju_taeinshelter(seoul)_20201021_0730_WED_15m_NH_highway_TW2_sunny_FHD,all,93,0.0333,94.4,0.036,0.0,0.0,원활,False,
Jeonju_taeinshelter(seoul)_20201021_0730_WED_15m_NH_highway_TW2_sunny_FHD,away,93,0.031,94.8,0.033,0.0,0.0,원활,False,0.0506
Jeonju_taeinshelter(seoul)_20201021_0730_WED_15m_NH_highway_TW2_sunny_FHD,toward,93,0.0351,94.2,0.037,0.0,0.0,원활,False,0.022
Jeonju_taeinshelter(seoul)_20201021_1300_WED_15m_NH_highway_TW2_sunny_FHD,all,97,0.0244,95.9,0.026,0.0,0.0,원활,False,
Jeonju_taeinshelter(seoul)_20201021_1300_WED_15m_NH_highway_TW2_sunny_FHD,away,97,0.0033,99.4,0.004,0.0,0.0,원활,False,0.008
Jeonju_taeinshelter(seoul)_20201021_1300_WED_15m_NH_highway_TW2_sunny_FHD,toward,97,0.0365,93.9,0.039,0.0,0.0,원활,False,0.0
Jincheon_jangam_20201021_0830_WED_15m_NH_highway_TW2_sunny_FHD,all,102,0.0619,89.7,0.069,0.0,0.0,원활,False,
Jincheon_jangam_20201021_0830_WED_15m_NH_highway_TW2_sunny_FHD,away,102,0.033,94.5,0.035,0.0,0.0,원활,False,0.0407
Jincheon_jangam_20201021_0830_WED_15m_NH_highway_TW2_sunny_FHD,toward,102,0.0802,86.65,0.0925,0.0,0.0,원활,False,0.0411
Jincheon_namioverpass_20201019_1900_MON_15m_NH_highway_OW2_sunny_FHD,all,90,0.0579,90.35,0.064,0.0,0.0,원활,False,
Jincheon_namioverpass_20201019_1900_MON_15m_NH_highway_OW2_sunny_FHD,away,90,0.0616,89.75,0.0685,0.0,0.0111,원활,False,0.0173
Jincheon_namioverpass_20201019_1900_MON_15m_NH_highway_OW2_sunny_FHD,toward,90,0.0079,98.7,0.008,0.0,0.0,원활,False,0.0082
Jincheon_namioverpass_20201020_0900_TUE_15m_NH_highway_OW2_fog_FHD,all,96,0.085,85.85,0.0985,0.0,0.0208,원활,False,
Jincheon_namioverpass_20201020_0900_TUE_15m_NH_highway_OW2_fog_FHD,away,96,0.0852,85.8,0.099,0.0,0.0521,원활,False,0.037
Jincheon_namioverpass_20201020_0900_TUE_15m_NH_highway_OW2_fog_FHD,toward,96,0.097,83.85,0.1155,0.0,0.1667,원활,False,0.0895
Jincheon_namioverpass_20201020_1400_TUE_15m_NH_highway_OW2_sunny_FHD,all,124,0.0855,85.75,0.0995,0.0,0.129,원활,False,
Jincheon_namioverpass_20201020_1400_TUE_15m_NH_highway_OW2_sunny_FHD,away,124,0.0868,85.55,0.1015,0.0,0.129,원활,False,0.0447
Jincheon_namioverpass_20201020_1400_TUE_15m_NH_highway_OW2_sunny_FHD,toward,124,0.0741,87.65,0.0845,0.0,0.0161,원활,False,0.1086
Jincheon_namioverpass_20201020_1900_TUE_15m_NH_highway_OW2_sunny_FHD,all,90,0.0761,87.3,0.087,0.0,0.0111,원활,False,
Jincheon_namioverpass_20201020_1900_TUE_15m_NH_highway_OW2_sunny_FHD,away,90,0.0812,86.45,0.094,0.0,0.0222,원활,False,0.0253
Jincheon_namioverpass_20201020_1900_TUE_15m_NH_highway_OW2_sunny_FHD,toward,90,0.0067,98.9,0.007,0.0,0.0,원활,False,0.0084
Jincheon_namioverpass_20201021_0900_WED_15m_NH_highway_OW2_sunny_FHD,all,103,0.0756,87.4,0.086,0.0,0.0388,원활,False,
Jincheon_namioverpass_20201021_0900_WED_15m_NH_highway_OW2_sunny_FHD,away,103,0.0713,88.1,0.081,0.0,0.0485,원활,False,0.0331
Jincheon_namioverpass_20201021_0900_WED_15m_NH_highway_OW2_sunny_FHD,toward,103,0.1264,78.9,0.16,0.0,0.5825,서행,False,0.1787
Jincheon_namioverpass_20201021_1400_WED_15m_NH_highway_OW2_sunny_FHD,all,126,0.0741,87.65,0.0845,0.0,0.0238,원활,False,
Jincheon_namioverpass_20201021_1400_WED_15m_NH_highway_OW2_sunny_FHD,away,126,0.0712,88.15,0.0805,0.0,0.0317,원활,False,0.0285
Jincheon_namioverpass_20201021_1400_WED_15m_NH_highway_OW2_sunny_FHD,toward,126,0.0909,84.85,0.1075,0.0,0.1111,원활,False,0.1266
Jincheon_namioverpass_20201021_1900_WED_15m_NH_highway_OW2_sunny_FHD,all,87,0.0519,91.3,0.057,0.0,0.046,원활,False,
Jincheon_namioverpass_20201021_1900_WED_15m_NH_highway_OW2_sunny_FHD,away,87,0.0561,90.6,0.062,0.0,0.069,원활,False,0.0283
Jincheon_namioverpass_20201021_1900_WED_15m_NH_highway_OW2_sunny_FHD,toward,87,0.0017,99.7,0.002,0.0,0.0,원활,False,0.0006
Suwon_CH01_20200720_1830_MON_9m_RH_highway_TW5_sunny_FHD__view0,all,58,0.2394,60.1,0.398,0.0,1.0,서행,False,
Suwon_CH01_20200720_1830_MON_9m_RH_highway_TW5_sunny_FHD__view0,away,58,0.241,59.85,0.4025,0.0,1.0,서행,False,0.1017
Suwon_CH01_20200720_1830_MON_9m_RH_highway_TW5_sunny_FHD__view0,toward,58,0.1118,81.35,0.1375,0.0,0.3276,원활,False,0.0477
Suwon_CH01_20200720_1830_MON_9m_RH_highway_TW5_sunny_FHD__view1,all,56,0.1428,76.2,0.187,0.0,0.8571,서행,False,
Suwon_CH01_20200720_1830_MON_9m_RH_highway_TW5_sunny_FHD__view1,away,56,0.1435,76.1,0.188,0.0,0.875,서행,False,0.0555
Suwon_CH01_20200720_1830_MON_9m_RH_highway_TW5_sunny_FHD__view1,toward,56,0.0437,92.7,0.047,0.0,0.0,원활,False,0.0437
Suwon_CH01_20200721_1700_TUE_9m_RH_highway_TW5_sunny_FHD,all,150,0.1385,76.9,0.18,0.0,0.7733,서행,False,
Suwon_CH01_20200721_1700_TUE_9m_RH_highway_TW5_sunny_FHD,away,150,0.1384,76.9,0.18,0.0,0.7667,서행,False,0.0358
Suwon_CH01_20200721_1700_TUE_9m_RH_highway_TW5_sunny_FHD,toward,150,0.1466,75.6,0.194,0.0,0.7733,서행,False,0.0985
Suwon_CH01_20200722_1500_WED_9m_NH_highway_TW5_rainy_FHD,all,35,0.2187,63.6,0.343,0.0,1.0,서행,False,
Suwon_CH01_20200722_1500_WED_9m_NH_highway_TW5_rainy_FHD,away,35,0.2201,63.3,0.348,0.0,1.0,서행,False,0.17
Suwon_CH01_20200722_1500_WED_9m_NH_highway_TW5_rainy_FHD,toward,35,0.0868,85.5,0.102,0.0,0.1143,원활,False,0.0887
Suwon_CH01_20201010_1930_SAT_9m_NH_highway_TW5_sunny_FHD__view0,all,38,0.1231,79.45,0.1555,0.0,0.5526,서행,False,
Suwon_CH01_20201010_1930_SAT_9m_NH_highway_TW5_sunny_FHD__view0,away,38,0.1246,79.2,0.158,0.0,0.5789,서행,False,0.0245
Suwon_CH01_20201010_1930_SAT_9m_NH_highway_TW5_sunny_FHD__view0,toward,38,0.0287,95.2,0.03,0.0,0.0,원활,False,0.0192
Suwon_CH01_20201010_1930_SAT_9m_NH_highway_TW5_sunny_FHD__view1,all,37,0.0555,90.8,0.061,0.0,0.0,원활,False,
Suwon_CH01_20201010_1930_SAT_9m_NH_highway_TW5_sunny_FHD__view1,away,37,0.0559,90.7,0.062,0.0,0.0,원활,False,0.0957
Suwon_CH01_20201010_1930_SAT_9m_NH_highway_TW5_sunny_FHD__view1,toward,37,0.0477,92.0,0.052,0.0,0.0,원활,False,0.0423
Suwon_CH01_20201012_2023_MON_9m_NH_highway_TW5_sunny_FHD__view0,all,39,0.0233,96.1,0.024,0.0,0.0,원활,False,
Suwon_CH01_20201012_2023_MON_9m_NH_highway_TW5_sunny_FHD__view0,away,39,0.0232,96.1,0.024,0.0,0.0,원활,False,0.04
Suwon_CH01_20201012_2023_MON_9m_NH_highway_TW5_sunny_FHD__view0,toward,39,0.0339,94.4,0.036,0.0,0.0,원활,False,0.0296
Suwon_CH01_20201012_2023_MON_9m_NH_highway_TW5_sunny_FHD__view1,all,37,0.0872,85.5,0.102,0.0,0.0,원활,False,
Suwon_CH01_20201012_2023_MON_9m_NH_highway_TW5_sunny_FHD__view1,away,37,0.0877,85.4,0.103,0.0,0.0,원활,False,0.0503
Suwon_CH01_20201012_2023_MON_9m_NH_highway_TW5_sunny_FHD__view1,toward,37,0.0437,92.7,0.047,0.0,0.0,원활,False,0.0256
Suwon_CH02_20200720_1830_MON_9m_NH_highway_TW5_sunny_FHD__view0,all,57,0.0846,85.9,0.098,0.0,0.0351,원활,False,
Suwon_CH02_20200720_1830_MON_9m_NH_highway_TW5_sunny_FHD__view0,away,57,0.0442,92.6,0.048,0.0,0.0,원활,False,0.0246
Suwon_CH02_20200720_1830_MON_9m_NH_highway_TW5_sunny_FHD__view0,toward,57,0.094,84.3,0.112,0.0,0.1754,원활,False,0.0
Suwon_CH02_20200720_1830_MON_9m_NH_highway_TW5_sunny_FHD__view1,all,56,0.1097,81.7,0.134,0.0,0.1964,원활,False,
Suwon_CH02_20200720_1830_MON_9m_NH_highway_TW5_sunny_FHD__view1,away,56,0.0593,90.15,0.0655,0.0,0.0,원활,False,0.0654
Suwon_CH02_20200720_1830_MON_9m_NH_highway_TW5_sunny_FHD__view1,toward,56,0.1159,80.7,0.143,0.0,0.3929,원활,False,0.0959
Suwon_CH02_20200721_1800_TUE_9m_RH_highway_TW5_sunny_FHD__view0,all,58,0.1367,77.25,0.1765,0.0,0.8621,서행,False,
Suwon_CH02_20200721_1800_TUE_9m_RH_highway_TW5_sunny_FHD__view0,away,58,0.0428,92.9,0.046,0.0,0.0,원활,False,0.0289
Suwon_CH02_20200721_1800_TUE_9m_RH_highway_TW5_sunny_FHD__view0,toward,58,0.2058,65.7,0.3135,0.0,1.0,서행,False,0.0
Suwon_CH02_20200721_1800_TUE_9m_RH_highway_TW5_sunny_FHD__view1,all,49,0.1441,76.0,0.189,0.0,0.9796,서행,False,
Suwon_CH02_20200721_1800_TUE_9m_RH_highway_TW5_sunny_FHD__view1,away,49,0.0559,90.7,0.062,0.0,0.0,원활,False,0.0954
Suwon_CH02_20200721_1800_TUE_9m_RH_highway_TW5_sunny_FHD__view1,toward,49,0.152,74.7,0.203,0.0,1.0,서행,False,0.151
Suwon_CH02_20200722_1530_WED_9m_NH_highway_TW5_rainy_FHD__view0,all,20,0.1319,78.0,0.169,0.0,0.85,서행,False,
Suwon_CH02_20200722_1530_WED_9m_NH_highway_TW5_rainy_FHD__view0,away,20,0.0492,91.8,0.0535,0.0,0.0,원활,False,0.1034
Suwon_CH02_20200722_1530_WED_9m_NH_highway_TW5_rainy_FHD__view0,toward,20,0.1407,76.6,0.183,0.0,0.95,서행,False,0.1287
Suwon_CH02_20200722_1530_WED_9m_NH_highway_TW5_rainy_FHD__view1,all,17,0.0831,86.2,0.096,0.0,0.0588,원활,False,
Suwon_CH02_20200722_1530_WED_9m_NH_highway_TW5_rainy_FHD__view1,away,17,0.0308,94.9,0.032,0.0,0.0,원활,False,0.0261
Suwon_CH02_20200722_1530_WED_9m_NH_highway_TW5_rainy_FHD__view1,toward,17,0.0952,84.1,0.113,0.0,0.4118,원활,False,0.0
Suwon_CH02_20201010_2038_SAT_9m_NH_highway_TW5_sunny_FHD__view0,all,29,0.0261,95.6,0.028,0.0,0.0,원활,False,
Suwon_CH02_20201010_2038_SAT_9m_NH_highway_TW5_sunny_FHD__view0,away,29,0.0102,98.3,0.01,0.0,0.0,원활,False,0.0216
Suwon_CH02_20201010_2038_SAT_9m_NH_highway_TW5_sunny_FHD__view0,toward,29,0.027,95.5,0.028,0.0,0.0,원활,False,0.034
Suwon_CH02_20201010_2038_SAT_9m_NH_highway_TW5_sunny_FHD__view1,all,28,0.0362,94.0,0.0385,0.0,0.0,원활,False,
Suwon_CH02_20201010_2038_SAT_9m_NH_highway_TW5_sunny_FHD__view1,away,28,0.0047,99.25,0.0045,0.0,0.0,원활,False,0.0054
Suwon_CH02_20201010_2038_SAT_9m_NH_highway_TW5_sunny_FHD__view1,toward,28,0.0494,91.8,0.054,0.0,0.0,원활,False,0.0
Suwon_CH02_20201010_2038_SAT_9m_NH_highway_TW5_sunny_FHD__view2,all,28,0.0983,83.6,0.118,0.0,0.1071,원활,False,
Suwon_CH02_20201010_2038_SAT_9m_NH_highway_TW5_sunny_FHD__view2,unknown,28,0.0983,83.6,0.118,0.0,0.1071,원활,False,0.1165
Suwon_CH02_20201012_2059_MON_9m_NH_highway_TW5_sunny_FHD__view0,all,32,0.0199,96.7,0.02,0.0,0.0,원활,False,
Suwon_CH02_20201012_2059_MON_9m_NH_highway_TW5_sunny_FHD__view0,away,32,0.0226,96.2,0.024,0.0,0.0,원활,False,0.0245
Suwon_CH02_20201012_2059_MON_9m_NH_highway_TW5_sunny_FHD__view0,toward,32,0.0176,97.05,0.0185,0.0,0.0,원활,False,0.0
Suwon_CH02_20201012_2059_MON_9m_NH_highway_TW5_sunny_FHD__view1,all,31,0.0315,94.7,0.034,0.0,0.0,원활,False,
Suwon_CH02_20201012_2059_MON_9m_NH_highway_TW5_sunny_FHD__view1,away,31,0.0417,93.1,0.044,0.0,0.0,원활,False,0.0862
Suwon_CH02_20201012_2059_MON_9m_NH_highway_TW5_sunny_FHD__view1,toward,31,0.0312,94.8,0.033,0.0,0.0,원활,False,0.0544
Suwon_CH02_20201012_2059_MON_9m_NH_highway_TW5_sunny_FHD__view2,all,17,0.0722,88.0,0.082,0.0,0.0,원활,False,
Suwon_CH02_20201012_2059_MON_9m_NH_highway_TW5_sunny_FHD__view2,unknown,17,0.0722,88.0,0.082,0.0,0.0,원활,False,0.0878
Suwon_CH03_20200720_2030_MON_9m_NH_highway_OW5_sunny_FHD__view0,all,58,0.0988,83.5,0.1185,0.0,0.0172,원활,False,
Suwon_CH03_20200720_2030_MON_9m_NH_highway_OW5_sunny_FHD__view0,away,58,0.0988,83.5,0.1185,0.0,0.0172,원활,False,0.1416
Suwon_CH03_20200720_2030_MON_9m_NH_highway_OW5_sunny_FHD__view1,all,57,0.0178,97.0,0.019,0.0,0.0,원활,False,
Suwon_CH03_20200720_2030_MON_9m_NH_highway_OW5_sunny_FHD__view1,away,57,0.0178,97.0,0.019,0.0,0.0,원활,False,0.0423
Suwon_CH03_20200721_2000_TUE_9m_NH_highway_OW5_sunny_FHD__view0,all,39,0.1546,74.2,0.209,0.0,1.0,서행,False,
Suwon_CH03_20200721_2000_TUE_9m_NH_highway_OW5_sunny_FHD__view0,away,39,0.1546,74.2,0.209,0.0,1.0,서행,False,0.2186
Suwon_CH03_20200721_2000_TUE_9m_NH_highway_OW5_sunny_FHD__view1,all,38,0.0289,95.15,0.0305,0.0,0.0,원활,False,
Suwon_CH03_20200721_2000_TUE_9m_NH_highway_OW5_sunny_FHD__view1,away,38,0.0289,95.15,0.0305,0.0,0.0,원활,False,0.0519
Suwon_CH03_20200722_1700_WED_9m_NH_highway_OW5_sunny_FHD__view0,all,37,0.0558,90.7,0.062,0.0,0.0,원활,False,
Suwon_CH03_20200722_1700_WED_9m_NH_highway_OW5_sunny_FHD__view0,away,37,0.0558,90.7,0.062,0.0,0.0,원활,False,0.074
Suwon_CH03_20200722_1700_WED_9m_NH_highway_OW5_sunny_FHD__view1,all,35,0.2328,61.2,0.38,0.0,1.0,서행,False,
Suwon_CH03_20200722_1700_WED_9m_NH_highway_OW5_sunny_FHD__view1,away,35,0.2328,61.2,0.38,0.0,1.0,서행,False,0.2714
Suwon_CH03_20201010_2145_SAT_9m_NH_highway_OW5_sunny_FHD__view0,all,50,0.2065,65.6,0.3145,0.0,1.0,서행,False,
Suwon_CH03_20201010_2145_SAT_9m_NH_highway_OW5_sunny_FHD__view0,away,50,0.2065,65.6,0.3145,0.0,1.0,서행,False,0.2885
Suwon_CH03_20201010_2145_SAT_9m_NH_highway_OW5_sunny_FHD__view1,all,48,0.0488,91.9,0.053,0.0,0.0,원활,False,
Suwon_CH03_20201010_2145_SAT_9m_NH_highway_OW5_sunny_FHD__view1,away,48,0.0488,91.9,0.053,0.0,0.0,원활,False,0.0924
Suwon_CH04_20200720_1600_MON_9m_NH_highway_OW5_sunny_FHD__view0,all,16,0.152,74.65,0.204,0.0,0.9375,서행,False,
Suwon_CH04_20200720_1600_MON_9m_NH_highway_OW5_sunny_FHD__view0,toward,16,0.152,74.65,0.204,0.0,0.9375,서행,False,0.1097
Suwon_CH04_20200720_1600_MON_9m_NH_highway_OW5_sunny_FHD__view1,all,13,0.0466,92.2,0.051,0.0,0.0,원활,False,
Suwon_CH04_20200720_1600_MON_9m_NH_highway_OW5_sunny_FHD__view1,toward,13,0.0466,92.2,0.051,0.0,0.0,원활,False,0.0799
Suwon_CH04_20200721_1500_TUE_9m_NH_highway_OW5_sunny_FHD__view0,all,39,0.1825,69.6,0.262,0.0,1.0,서행,False,
Suwon_CH04_20200721_1500_TUE_9m_NH_highway_OW5_sunny_FHD__view0,toward,39,0.1825,69.6,0.262,0.0,1.0,서행,False,0.0226
Suwon_CH04_20200721_1500_TUE_9m_NH_highway_OW5_sunny_FHD__view1,all,36,0.0626,89.55,0.07,0.0,0.0,원활,False,
Suwon_CH04_20200721_1500_TUE_9m_NH_highway_OW5_sunny_FHD__view1,toward,36,0.0626,89.55,0.07,0.0,0.0,원활,False,0.1084
Suwon_CH04_20200721_2030_TUE_9m_NH_highway_OW5_sunny_FHD__view0,all,41,0.0594,90.1,0.066,0.0,0.0,원활,False,
Suwon_CH04_20200721_2030_TUE_9m_NH_highway_OW5_sunny_FHD__view0,toward,41,0.0594,90.1,0.066,0.0,0.0,원활,False,0.0279
Suwon_CH04_20200721_2030_TUE_9m_NH_highway_OW5_sunny_FHD__view1,all,39,0.0189,96.9,0.019,0.0,0.0,원활,False,
Suwon_CH04_20200721_2030_TUE_9m_NH_highway_OW5_sunny_FHD__view1,toward,39,0.0189,96.9,0.019,0.0,0.0,원활,False,0.0475
Suwon_CH04_20200722_1800_WED_9m_NH_highway_OW5_sunny_FHD__view0,all,22,0.0372,93.85,0.0395,0.0,0.0,원활,False,
Suwon_CH04_20200722_1800_WED_9m_NH_highway_OW5_sunny_FHD__view0,toward,22,0.0372,93.85,0.0395,0.0,0.0,원활,False,0.0747
Suwon_CH04_20200722_1800_WED_9m_NH_highway_OW5_sunny_FHD__view1,all,20,0.1498,75.05,0.1995,0.0,0.8,서행,False,
Suwon_CH04_20200722_1800_WED_9m_NH_highway_OW5_sunny_FHD__view1,toward,20,0.1498,75.05,0.1995,0.0,0.8,서행,False,0.061
Suwon_CH04_20201011_2020_SUN_9m_NH_highway_OW5_sunny_FHD__view0,all,41,0.0355,94.1,0.038,0.0,0.0,원활,False,
Suwon_CH04_20201011_2020_SUN_9m_NH_highway_OW5_sunny_FHD__view0,toward,41,0.0355,94.1,0.038,0.0,0.0,원활,False,0.079
Suwon_CH04_20201011_2020_SUN_9m_NH_highway_OW5_sunny_FHD__view1,all,41,0.0835,86.1,0.097,0.0,0.0,원활,False,
Suwon_CH04_20201011_2020_SUN_9m_NH_highway_OW5_sunny_FHD__view1,toward,41,0.0835,86.1,0.097,0.0,0.0,원활,False,0.0361
Suwon_CH05_20200720_1700_MON_9m_NH_highway_OW5_sunny_FHD__view0,all,46,0.1627,72.85,0.2235,0.0,1.0,서행,False,
Suwon_CH05_20200720_1700_MON_9m_NH_highway_OW5_sunny_FHD__view0,away,46,0.1627,72.85,0.2235,0.0,1.0,서행,False,0.1625
Suwon_CH05_20200720_1700_MON_9m_NH_highway_OW5_sunny_FHD__view1,all,39,0.1475,75.4,0.196,0.0,0.9487,서행,False,
Suwon_CH05_20200720_1700_MON_9m_NH_highway_OW5_sunny_FHD__view1,away,39,0.1475,75.4,0.196,0.0,0.9487,서행,False,0.0426
Suwon_CH05_20200720_1700_MON_9m_NH_highway_OW5_sunny_FHD__view2,all,37,0.0548,90.9,0.06,0.0,0.0,원활,False,
Suwon_CH05_20200720_1700_MON_9m_NH_highway_OW5_sunny_FHD__view2,away,37,0.0548,90.9,0.06,0.0,0.0,원활,False,0.0466
Suwon_CH05_20200721_1530_TUE_9m_NH_highway_OW5_sunny_FHD__view0,all,28,0.2307,61.55,0.375,0.0,1.0,서행,False,
Suwon_CH05_20200721_1530_TUE_9m_NH_highway_OW5_sunny_FHD__view0,away,28,0.2307,61.55,0.375,0.0,1.0,서행,False,0.2209
Suwon_CH05_20200721_1530_TUE_9m_NH_highway_OW5_sunny_FHD__view1,all,27,0.0628,89.5,0.07,0.0,0.0,원활,False,
Suwon_CH05_20200721_1530_TUE_9m_NH_highway_OW5_sunny_FHD__view1,away,27,0.0628,89.5,0.07,0.0,0.0,원활,False,0.0669
Suwon_CH05_20200721_1530_TUE_9m_NH_highway_OW5_sunny_FHD__view2,all,23,0.2325,61.3,0.379,0.0,1.0,서행,False,
Suwon_CH05_20200721_1530_TUE_9m_NH_highway_OW5_sunny_FHD__view2,away,23,0.2325,61.3,0.379,0.0,1.0,서행,False,0.1492
Suwon_CH05_20200721_2130_TUE_9m_NH_highway_OW5_sunny_FHD__view0,all,42,0.1136,81.1,0.1395,0.0,0.3095,원활,False,
Suwon_CH05_20200721_2130_TUE_9m_NH_highway_OW5_sunny_FHD__view0,away,42,0.1136,81.1,0.1395,0.0,0.3095,원활,False,0.2159
Suwon_CH05_20200721_2130_TUE_9m_NH_highway_OW5_sunny_FHD__view1,all,40,0.1526,74.55,0.2045,0.0,0.95,서행,False,
Suwon_CH05_20200721_2130_TUE_9m_NH_highway_OW5_sunny_FHD__view1,away,40,0.1526,74.55,0.2045,0.0,0.95,서행,False,0.4955
Suwon_CH05_20200721_2130_TUE_9m_NH_highway_OW5_sunny_FHD__view2,all,37,0.0216,96.4,0.022,0.0,0.0,원활,False,
Suwon_CH05_20200721_2130_TUE_9m_NH_highway_OW5_sunny_FHD__view2,away,37,0.0216,96.4,0.022,0.0,0.0,원활,False,0.0675
Suwon_CH05_20200722_1900_WED_9m_NH_highway_OW5_sunny_FHD__view0,all,18,0.1333,77.75,0.1715,0.0,0.9444,서행,False,
Suwon_CH05_20200722_1900_WED_9m_NH_highway_OW5_sunny_FHD__view0,away,18,0.1333,77.75,0.1715,0.0,0.9444,서행,False,0.2056
Suwon_CH05_20200722_1900_WED_9m_NH_highway_OW5_sunny_FHD__view1,all,17,0.1578,73.7,0.214,0.0,1.0,서행,False,
Suwon_CH05_20200722_1900_WED_9m_NH_highway_OW5_sunny_FHD__view1,away,17,0.1578,73.7,0.214,0.0,1.0,서행,False,0.1282
Suwon_CH05_20200722_1900_WED_9m_NH_highway_OW5_sunny_FHD__view2,all,15,0.0375,93.8,0.04,0.0,0.0,원활,False,
Suwon_CH05_20200722_1900_WED_9m_NH_highway_OW5_sunny_FHD__view2,away,15,0.0375,93.8,0.04,0.0,0.0,원활,False,0.0576
Suwon_CH05_20201011_2058_SUN_9m_NH_highway_OW5_sunny_FHD__view0,all,39,0.0711,88.1,0.081,0.0,0.0,원활,False,
Suwon_CH05_20201011_2058_SUN_9m_NH_highway_OW5_sunny_FHD__view0,toward,39,0.0711,88.1,0.081,0.0,0.0,원활,False,0.12
Suwon_CH05_20201011_2058_SUN_9m_NH_highway_OW5_sunny_FHD__view1,all,35,0.0285,95.2,0.03,0.0,0.0,원활,False,
Suwon_CH05_20201011_2058_SUN_9m_NH_highway_OW5_sunny_FHD__view1,toward,35,0.0285,95.2,0.03,0.0,0.0,원활,False,0.0543
Suwon_CH06_20200720_1800_MON_9m_NH_highway_OW5_sunny_FHD__view0,all,55,0.1227,79.6,0.154,0.0,0.5273,서행,False,
Suwon_CH06_20200720_1800_MON_9m_NH_highway_OW5_sunny_FHD__view0,toward,55,0.1227,79.6,0.154,0.0,0.5273,서행,False,0.0717
Suwon_CH06_20200720_1800_MON_9m_NH_highway_OW5_sunny_FHD__view1,all,52,0.0431,92.85,0.0465,0.0,0.0,원활,False,
Suwon_CH06_20200720_1800_MON_9m_NH_highway_OW5_sunny_FHD__view1,toward,52,0.0431,92.85,0.0465,0.0,0.0,원활,False,0.0617
Suwon_CH06_20200721_1630_TUE_9m_NH_highway_OW5_sunny_FHD__view0,all,45,0.1565,73.9,0.212,0.0,1.0,서행,False,
Suwon_CH06_20200721_1630_TUE_9m_NH_highway_OW5_sunny_FHD__view0,toward,45,0.1565,73.9,0.212,0.0,1.0,서행,False,0.0999
Suwon_CH06_20200721_1630_TUE_9m_NH_highway_OW5_sunny_FHD__view1,all,39,0.0684,88.6,0.077,0.0,0.0,원활,False,
Suwon_CH06_20200721_1630_TUE_9m_NH_highway_OW5_sunny_FHD__view1,toward,39,0.0684,88.6,0.077,0.0,0.0,원활,False,0.0579
Suwon_CH06_20200722_1430_WED_9m_NH_highway_OW5_rainy_FHD__view0,all,22,0.0463,92.3,0.05,0.0,0.0,원활,False,
Suwon_CH06_20200722_1430_WED_9m_NH_highway_OW5_rainy_FHD__view0,toward,22,0.0463,92.3,0.05,0.0,0.0,원활,False,0.044
Suwon_CH06_20200722_1430_WED_9m_NH_highway_OW5_rainy_FHD__view1,all,21,0.1279,78.7,0.162,0.0,0.7143,서행,False,
Suwon_CH06_20200722_1430_WED_9m_NH_highway_OW5_rainy_FHD__view1,toward,21,0.1279,78.7,0.162,0.0,0.7143,서행,False,0.0919
Suwon_CH06_20201010_1932_SAT_9m_NH_highway_OW5_sunny_FHD__view0,all,35,0.2016,66.4,0.304,0.0,1.0,서행,False,
Suwon_CH06_20201010_1932_SAT_9m_NH_highway_OW5_sunny_FHD__view0,away,35,0.195,67.5,0.289,0.0,1.0,서행,False,0.2588
Suwon_CH06_20201010_1932_SAT_9m_NH_highway_OW5_sunny_FHD__view0,toward,35,0.2552,57.5,0.443,0.0,0.9714,서행,False,0.2967
Suwon_CH06_20201010_1932_SAT_9m_NH_highway_OW5_sunny_FHD__view1,all,33,0.0323,94.6,0.034,0.0,0.0,원활,False,
Suwon_CH06_20201010_1932_SAT_9m_NH_highway_OW5_sunny_FHD__view1,away,33,0.0323,94.6,0.034,0.0,0.0,원활,False,0.0493
Suwon_CH06_20201010_1932_SAT_9m_NH_highway_OW5_sunny_FHD__view2,all,32,0.1105,81.55,0.1355,0.0,0.1875,원활,False,
Suwon_CH06_20201010_1932_SAT_9m_NH_highway_OW5_sunny_FHD__view2,away,32,0.102,83.0,0.123,0.0,0.0312,원활,False,0.104
Suwon_CH06_20201010_1932_SAT_9m_NH_highway_OW5_sunny_FHD__view2,toward,32,0.1482,75.3,0.197,0.0,0.9375,서행,False,0.1837
Suwon_CH06_20201012_2012_MON_9m_NH_highway_OW5_sunny_FHD,all,109,0.0319,94.7,0.034,0.0,0.0,원활,False,
Suwon_CH06_20201012_2012_MON_9m_NH_highway_OW5_sunny_FHD,away,109,0.0319,94.7,0.034,0.0,0.0,원활,False,0.0318
Suwon_CH07_20200720_1800_MON_9m_NH_highway_OW5_sunny_FHD__view0,all,38,0.1985,66.9,0.297,0.0,1.0,서행,False,
Suwon_CH07_20200720_1800_MON_9m_NH_highway_OW5_sunny_FHD__view0,away,38,0.1985,66.9,0.297,0.0,1.0,서행,False,0.0898
Suwon_CH07_20200720_1800_MON_9m_NH_highway_OW5_sunny_FHD__view1,all,37,0.0512,91.5,0.056,0.0,0.0,원활,False,
Suwon_CH07_20200720_1800_MON_9m_NH_highway_OW5_sunny_FHD__view1,away,37,0.0512,91.5,0.056,0.0,0.0,원활,False,0.0664
Suwon_CH07_20200720_1800_MON_9m_NH_highway_OW5_sunny_FHD__view2,all,35,0.2084,65.3,0.319,0.0,1.0,서행,False,
Suwon_CH07_20200720_1800_MON_9m_NH_highway_OW5_sunny_FHD__view2,away,35,0.2084,65.3,0.319,0.0,1.0,서행,False,0.0
Suwon_CH07_20200721_1730_TUE_9m_NH_highway_OW5_sunny_FHD__view0,all,38,0.2373,60.45,0.3925,0.0,1.0,서행,False,
Suwon_CH07_20200721_1730_TUE_9m_NH_highway_OW5_sunny_FHD__view0,away,38,0.2373,60.45,0.3925,0.0,1.0,서행,False,0.0
Suwon_CH07_20200721_1730_TUE_9m_NH_highway_OW5_sunny_FHD__view1,all,37,0.2154,64.1,0.336,0.0,1.0,서행,False,
Suwon_CH07_20200721_1730_TUE_9m_NH_highway_OW5_sunny_FHD__view1,away,37,0.2154,64.1,0.336,0.0,1.0,서행,False,0.1269
Suwon_CH07_20200721_1730_TUE_9m_NH_highway_OW5_sunny_FHD__view2,all,30,0.0698,88.35,0.0795,0.0,0.0,원활,False,
Suwon_CH07_20200721_1730_TUE_9m_NH_highway_OW5_sunny_FHD__view2,away,30,0.0698,88.35,0.0795,0.0,0.0,원활,False,0.0662
Suwon_CH07_20200722_1500_WED_9m_NH_highway_OW5_rainy_FHD__view0,all,15,0.1671,72.2,0.231,0.0,1.0,서행,False,
Suwon_CH07_20200722_1500_WED_9m_NH_highway_OW5_rainy_FHD__view0,away,15,0.1671,72.2,0.231,0.0,1.0,서행,False,0.1487
Suwon_CH07_20200722_1500_WED_9m_NH_highway_OW5_rainy_FHD__view1,all,13,0.0696,88.4,0.079,0.0,0.0,원활,False,
Suwon_CH07_20200722_1500_WED_9m_NH_highway_OW5_rainy_FHD__view1,away,13,0.0696,88.4,0.079,0.0,0.0,원활,False,0.0408
Suwon_CH07_20200722_1500_WED_9m_NH_highway_OW5_rainy_FHD__view2,all,13,0.1963,67.3,0.292,0.0,1.0,서행,False,
Suwon_CH07_20200722_1500_WED_9m_NH_highway_OW5_rainy_FHD__view2,away,13,0.1963,67.3,0.292,0.0,1.0,서행,False,0.0
Suwon_CH07_20201010_1938_SAT_9m_NH_highway_OW5_sunny_FHD__view0,all,29,0.1457,75.7,0.193,0.0,1.0,서행,False,
Suwon_CH07_20201010_1938_SAT_9m_NH_highway_OW5_sunny_FHD__view0,away,29,0.1457,75.7,0.193,0.0,1.0,서행,False,0.0
Suwon_CH07_20201010_1938_SAT_9m_NH_highway_OW5_sunny_FHD__view1,all,28,0.2145,64.25,0.334,0.0,1.0,서행,False,
Suwon_CH07_20201010_1938_SAT_9m_NH_highway_OW5_sunny_FHD__view1,away,28,0.2145,64.25,0.334,0.0,1.0,서행,False,0.2421
Suwon_CH07_20201010_1938_SAT_9m_NH_highway_OW5_sunny_FHD__view2,all,27,0.0697,88.4,0.079,0.0,0.0,원활,False,
Suwon_CH07_20201010_1938_SAT_9m_NH_highway_OW5_sunny_FHD__view2,away,27,0.0697,88.4,0.079,0.0,0.0,원활,False,0.0322
Suwon_CH07_20201012_1955_MON_9m_NH_highway_OW5_sunny_FHD__view0,all,55,0.0375,93.7,0.04,0.0,0.0,원활,False,
Suwon_CH07_20201012_1955_MON_9m_NH_highway_OW5_sunny_FHD__view0,away,55,0.0375,93.7,0.04,0.0,0.0,원활,False,0.0358
Suwon_CH07_20201012_1955_MON_9m_NH_highway_OW5_sunny_FHD__view1,all,50,0.1228,79.55,0.1545,0.0,0.54,서행,False,
Suwon_CH07_20201012_1955_MON_9m_NH_highway_OW5_sunny_FHD__view1,away,50,0.1228,79.55,0.1545,0.0,0.54,서행,False,0.0
Suwon_CH07_20201012_1955_MON_9m_NH_highway_OW5_sunny_FHD__view2,all,45,0.158,73.7,0.214,0.0,0.9111,서행,False,
Suwon_CH07_20201012_1955_MON_9m_NH_highway_OW5_sunny_FHD__view2,away,45,0.158,73.7,0.214,0.0,0.9111,서행,False,0.114
Suwon_CH08_20200720_1830_MON_9m_NH_highway_OW5_sunny_FHD__view0,all,82,0.1412,76.5,0.184,0.0,0.7561,서행,False,
Suwon_CH08_20200720_1830_MON_9m_NH_highway_OW5_sunny_FHD__view0,toward,82,0.1412,76.5,0.184,0.0,0.7561,서행,False,0.0668
Suwon_CH08_20200720_1830_MON_9m_NH_highway_OW5_sunny_FHD__view1,all,68,0.0394,93.4,0.042,0.0,0.0,원활,False,
Suwon_CH08_20200720_1830_MON_9m_NH_highway_OW5_sunny_FHD__view1,toward,68,0.0394,93.4,0.042,0.0,0.0,원활,False,0.0578
Suwon_CH08_20200721_1730_TUE_9m_NH_highway_OW5_sunny_FHD,all,114,0.1598,73.4,0.217,0.0,0.9474,서행,False,
Suwon_CH08_20200721_1730_TUE_9m_NH_highway_OW5_sunny_FHD,toward,114,0.1598,73.4,0.217,0.0,0.9474,서행,False,0.0784
Suwon_CH08_20200722_1500_WED_9m_NH_highway_OW5_rainy_FHD,all,31,0.1455,75.8,0.192,0.0,0.9677,서행,False,
Suwon_CH08_20200722_1500_WED_9m_NH_highway_OW5_rainy_FHD,toward,31,0.1455,75.8,0.192,0.0,0.9677,서행,False,0.1662
Suwon_CH08_20201010_1945_SAT_9m_NH_highway_OW5_sunny_FHD__view0,all,35,0.0055,99.1,0.005,0.0,0.0,원활,False,
Suwon_CH08_20201010_1945_SAT_9m_NH_highway_OW5_sunny_FHD__view0,toward,35,0.0055,99.1,0.005,0.0,0.0,원활,False,0.0196
Suwon_CH08_20201010_1945_SAT_9m_NH_highway_OW5_sunny_FHD__view1,all,35,0.0131,97.8,0.013,0.0,0.0,원활,False,
Suwon_CH08_20201010_1945_SAT_9m_NH_highway_OW5_sunny_FHD__view1,unknown,35,0.0131,97.8,0.013,0.0,0.0,원활,False,0.021
Suwon_CH08_20201011_2149_SUN_9m_NH_highway_OW5_sunny_FHD__view0,all,50,0.002,99.65,0.002,0.0,0.0,원활,False,
Suwon_CH08_20201011_2149_SUN_9m_NH_highway_OW5_sunny_FHD__view0,toward,50,0.002,99.65,0.002,0.0,0.0,원활,False,0.0049
Suwon_CH08_20201011_2149_SUN_9m_NH_highway_OW5_sunny_FHD__view1,all,50,0.0025,99.6,0.002,0.0,0.0,원활,False,
Suwon_CH08_20201011_2149_SUN_9m_NH_highway_OW5_sunny_FHD__view1,toward,50,0.0025,99.6,0.002,0.0,0.0,원활,False,0.0137
Suwon_CH09_20200720_1900_MON_9m_NH_highway_OW5_sunny_FHD__view0,all,64,0.1267,78.85,0.1605,0.0,0.6719,서행,False,
Suwon_CH09_20200720_1900_MON_9m_NH_highway_OW5_sunny_FHD__view0,away,64,0.1267,78.85,0.1605,0.0,0.6719,서행,False,0.0751
Suwon_CH09_20200720_1900_MON_9m_NH_highway_OW5_sunny_FHD__view1,all,55,0.0411,93.2,0.044,0.0,0.0,원활,False,
Suwon_CH09_20200720_1900_MON_9m_NH_highway_OW5_sunny_FHD__view1,away,55,0.0408,93.2,0.044,0.0,0.0,원활,False,0.0499
Suwon_CH09_20200720_1900_MON_9m_NH_highway_OW5_sunny_FHD__view1,toward,55,0.0522,91.3,0.057,0.0,0.0,원활,False,0.0
Suwon_CH09_20200721_1730_TUE_9m_NH_highway_OW5_sunny_FHD__view0,all,63,0.1889,68.5,0.276,0.0,1.0,서행,False,
Suwon_CH09_20200721_1730_TUE_9m_NH_highway_OW5_sunny_FHD__view0,away,63,0.1889,68.5,0.276,0.0,1.0,서행,False,0.056
Suwon_CH09_20200721_1730_TUE_9m_NH_highway_OW5_sunny_FHD__view1,all,59,0.08,86.7,0.092,0.0,0.0,원활,False,
Suwon_CH09_20200721_1730_TUE_9m_NH_highway_OW5_sunny_FHD__view1,away,59,0.0791,86.8,0.091,0.0,0.0,원활,False,0.0692
Suwon_CH09_20200721_1730_TUE_9m_NH_highway_OW5_sunny_FHD__view1,toward,59,0.1122,81.3,0.138,0.0,0.2373,원활,False,0.0
Suwon_CH09_20200722_1600_WED_9m_NH_highway_OW5_sunny_FHD__view0,all,38,0.1736,71.05,0.2445,0.0,1.0,서행,False,
Suwon_CH09_20200722_1600_WED_9m_NH_highway_OW5_sunny_FHD__view0,away,38,0.1736,71.05,0.2445,0.0,1.0,서행,False,0.0896
Suwon_CH09_20200722_1600_WED_9m_NH_highway_OW5_sunny_FHD__view1,all,36,0.0757,87.35,0.0865,0.0,0.0278,원활,False,
Suwon_CH09_20200722_1600_WED_9m_NH_highway_OW5_sunny_FHD__view1,away,36,0.0744,87.6,0.085,0.0,0.0278,원활,False,0.047
Suwon_CH09_20200722_1600_WED_9m_NH_highway_OW5_sunny_FHD__view1,toward,36,0.0974,83.75,0.1165,0.0,0.0556,원활,False,0.0
Suwon_CH09_20201010_2022_SAT_9m_NH_highway_OW5_sunny_FHD__view0,all,36,0.1506,74.9,0.201,0.0,0.9722,서행,False,
Suwon_CH09_20201010_2022_SAT_9m_NH_highway_OW5_sunny_FHD__view0,away,36,0.1506,74.9,0.201,0.0,0.9722,서행,False,0.0507
Suwon_CH09_20201010_2022_SAT_9m_NH_highway_OW5_sunny_FHD__view1,all,33,0.046,92.3,0.05,0.0,0.0,원활,False,
Suwon_CH09_20201010_2022_SAT_9m_NH_highway_OW5_sunny_FHD__view1,away,33,0.0471,92.1,0.051,0.0,0.0,원활,False,0.0449
Suwon_CH09_20201010_2022_SAT_9m_NH_highway_OW5_sunny_FHD__view1,toward,33,0.0251,95.8,0.026,0.0,0.0,원활,False,0.0
Suwon_CH09_20201012_2140_MON_9m_NH_highway_OW5_sunny_FHD__view0,all,51,0.0886,85.2,0.104,0.0,0.1373,원활,False,
Suwon_CH09_20201012_2140_MON_9m_NH_highway_OW5_sunny_FHD__view0,away,51,0.0886,85.2,0.104,0.0,0.1373,원활,False,0.0545
Suwon_CH09_20201012_2140_MON_9m_NH_highway_OW5_sunny_FHD__view1,all,46,0.0206,96.55,0.0215,0.0,0.0,원활,False,
Suwon_CH09_20201012_2140_MON_9m_NH_highway_OW5_sunny_FHD__view1,away,46,0.0211,96.5,0.022,0.0,0.0,원활,False,0.0303
Suwon_CH09_20201012_2140_MON_9m_NH_highway_OW5_sunny_FHD__view1,toward,46,0.0053,99.15,0.005,0.0,0.0,원활,False,0.0
Suwon_CH10_20200720_2030_MON_9m_NH_highway_TW5_sunny_FHD__view0,all,64,0.0377,93.75,0.04,0.0,0.0,원활,False,
Suwon_CH10_20200720_2030_MON_9m_NH_highway_TW5_sunny_FHD__view0,away,64,0.0363,93.95,0.0385,0.0,0.0,원활,False,0.0482
Suwon_CH10_20200720_2030_MON_9m_NH_highway_TW5_sunny_FHD__view0,unknown,64,0.0375,93.75,0.04,0.0,0.0,원활,False,0.0606
Suwon_CH10_20200720_2030_MON_9m_NH_highway_TW5_sunny_FHD__view1,all,50,0.0244,95.95,0.0255,0.0,0.0,원활,False,
Suwon_CH10_20200720_2030_MON_9m_NH_highway_TW5_sunny_FHD__view1,away,50,0.0192,96.8,0.02,0.0,0.0,원활,False,0.0184
Suwon_CH10_20200720_2030_MON_9m_NH_highway_TW5_sunny_FHD__view1,toward,50,0.0245,95.9,0.026,0.0,0.0,원활,False,0.0538
Suwon_CH10_20200721_1930_TUE_9m_NH_highway_TW5_sunny_FHD__view0,all,53,0.0989,83.5,0.119,0.0,0.1698,원활,False,
Suwon_CH10_20200721_1930_TUE_9m_NH_highway_TW5_sunny_FHD__view0,away,53,0.0807,86.6,0.093,0.0,0.1132,원활,False,0.0962
Suwon_CH10_20200721_1930_TUE_9m_NH_highway_TW5_sunny_FHD__view0,unknown,53,0.0991,83.5,0.119,0.0,0.2264,원활,False,0.1605
Suwon_CH10_20200721_1930_TUE_9m_NH_highway_TW5_sunny_FHD__view1,all,47,0.0432,92.8,0.047,0.0,0.0,원활,False,
Suwon_CH10_20200721_1930_TUE_9m_NH_highway_TW5_sunny_FHD__view1,away,47,0.0562,90.6,0.062,0.0,0.0,원활,False,0.0279
Suwon_CH10_20200721_1930_TUE_9m_NH_highway_TW5_sunny_FHD__view1,toward,47,0.0431,92.8,0.047,0.0,0.0,원활,False,0.1
Suwon_CH10_20200722_1800_WED_9m_NH_highway_TW5_sunny_FHD__view0,all,28,0.109,81.85,0.133,0.0,0.1429,원활,False,
Suwon_CH10_20200722_1800_WED_9m_NH_highway_TW5_sunny_FHD__view0,away,28,0.0794,86.75,0.0915,0.0,0.0,원활,False,0.0773
Suwon_CH10_20200722_1800_WED_9m_NH_highway_TW5_sunny_FHD__view0,unknown,28,0.11,81.65,0.1345,0.0,0.2143,원활,False,0.177
Suwon_CH10_20200722_1800_WED_9m_NH_highway_TW5_sunny_FHD__view1,all,22,0.0609,89.85,0.0675,0.0,0.0,원활,False,
Suwon_CH10_20200722_1800_WED_9m_NH_highway_TW5_sunny_FHD__view1,away,22,0.0794,86.75,0.0915,0.0,0.0,원활,False,0.0163
Suwon_CH10_20200722_1800_WED_9m_NH_highway_TW5_sunny_FHD__view1,toward,22,0.0605,89.95,0.067,0.0,0.0,원활,False,0.1211
Suwon_CH10_20201011_1957_SUN_9m_NH_highway_OW5_sunny_FHD__view0,all,50,0.0286,95.25,0.03,0.0,0.0,원활,False,
Suwon_CH10_20201011_1957_SUN_9m_NH_highway_OW5_sunny_FHD__view0,away,50,0.0256,95.75,0.0265,0.0,0.0,원활,False,0.0138
Suwon_CH10_20201011_1957_SUN_9m_NH_highway_OW5_sunny_FHD__view0,toward,50,0.0288,95.2,0.03,0.0,0.0,원활,False,0.0498
Suwon_CH10_20201011_1957_SUN_9m_NH_highway_OW5_sunny_FHD__view1,all,49,0.0345,94.2,0.037,0.0,0.0,원활,False,
Suwon_CH10_20201011_1957_SUN_9m_NH_highway_OW5_sunny_FHD__view1,unknown,49,0.0345,94.2,0.037,0.0,0.0,원활,False,0.0725
Suwon_CH10_20201213_0958_SUN_9m_NH_highway_OW5_snow_FHD__view0,all,114,0.0353,94.1,0.038,0.0,0.0,원활,False,
Suwon_CH10_20201213_0958_SUN_9m_NH_highway_OW5_snow_FHD__view0,away,114,0.0551,90.85,0.0605,0.0,0.0,원활,False,0.0596
Suwon_CH10_20201213_0958_SUN_9m_NH_highway_OW5_snow_FHD__view0,toward,114,0.0346,94.2,0.037,0.0,0.0,원활,False,0.0677
Suwon_CH10_20201213_0958_SUN_9m_NH_highway_OW5_snow_FHD__view1,all,111,0.0924,84.6,0.109,0.0,0.0631,원활,False,
Suwon_CH10_20201213_0958_SUN_9m_NH_highway_OW5_snow_FHD__view1,away,111,0.0946,84.2,0.113,0.0,0.1712,원활,False,0.1022
Suwon_CH10_20201213_0958_SUN_9m_NH_highway_OW5_snow_FHD__view1,toward,111,0.0914,84.8,0.108,0.0,0.0721,원활,False,0.1233
